C22 455;;;;;;;;;;;;;;;;;;;;C22 455 GMK;C22 455 K1;C22 455 K2;C22 455 K3;C22 455 K4;C22 455 K5;C22 455 K6;C22 455 K7;C22 455 K8;C22 455 K9;C22 455 K10;C22 455 K11;C22 455 K12;C22 455 K13;C22 455 K14;C22 455 K15;C22 455 K16;C22 455 K17;C22 455 K18;C22 455 K19;C22 455 K20;C22 455 K21;C22 455 K22;C22 455 K23;C22 455 K24;C22 455 K25;C22 455 K26;C22 455 K27;C22 455 K28;C22 455 K29;C22 455 K30;C22 455 K31;C22 455 K32;C22 455 K33;C22 455 K34;C22 455 K35;C22 455 K36;C22 455 K37;C22 455 K38;C22 455 K39;C22 455 K40;C22 455 K41;C22 455 K42;C22 455 K43;C22 455 K44;C22 455 K45;C22 455 K46;C22 455 K47;C22 455 K48;C22 455 K49;C22 455 K50;C22 455 K51;C22 455 K52;C22 455 K53;C22 455 K54;C22 455 K55;C22 455 K56;C22 455 K57;C22 455 K58;C22 455 K59;C22 455 K60;C22 455 K61;C22 455 K62;C22 455 K63;C22 455 K64;C22 455 K65;C22 455 K66;C22 455 K67;C22 455 K68;C22 455 K69;C22 455 K70;C22 455 K71;C22 455 K72;C22 455 K73;C22 455 K74;C22 455 K75;C22 455 K76;C22 455 K77;C22 455 K78;C22 455 K79;C22 455 K80;C22 455 K81;C22 455 K82;C22 455 K83;C22 455 K84;C22 455 K85;C22 455 K86;C22 455 K87;C22 455 K88;C22 455 K89;C22 455 K90;C22 455 K91;C22 455 K92;C22 455 K93;C22 455 K94;C22 455 K95;C22 455 K96;C22 455 K97;C22 455 K98;C22 455 K99;C22 455 K100;C22 455 K101;C22 455 K102;C22 455 K103;C22 455 K104;C22 455 K105;C22 455 K106;C22 455 K107;C22 455 K108;C22 455 K109;C22 455 K110;C22 455 K111;C22 455 K112;C22 455 K113;C22 455 K114;C22 455 K115;C22 455 K116;C22 455 K117;C22 455 K118;C22 455 K119;C22 455 K120;C22 455 K121;C22 455 K122;C22 455 K123;C22 455 K124;C22 455 K125;C22 455 K126;C22 455 K127;C22 455 K128;C22 455 K129;C22 455 K130;C22 455 K131;C22 455 K132;C22 455 K133;C22 455 K134;C22 455 K135;C22 455 K136;C22 455 K137;C22 455 K138;C22 455 K139;C22 455 K140;C22 455 K141;C22 455 K142;C22 455 K143;C22 455 K144;C22 455 K145;C22 455 K146;C22 455 K147;C22 455 K148;C22 455 K149;C22 455 K150;C22 455 K151;C22 455 K152;C22 455 K153;C22 455 K154;C22 455 K155;C22 455 K156;C22 455 K157;C22 455 K158;C22 455 K159;C22 455 K160;C22 455 K161;C22 455 K162;C22 455 K163;C22 455 K164;C22 455 K165;C22 455 K166;C22 455 K167;C22 455 K168;C22 455 K169;C22 455 K170;C22 455 K171;C22 455 K172;C22 455 K173;C22 455 K174;C22 455 K175;C22 455 K176;C22 455 K177;C22 455 K178;C22 455 K179;C22 455 K180;C22 455 K181;C22 455 K182;C22 455 K183;C22 455 K184;C22 455 K185;C22 455 K186;C22 455 K187;C22 455 K188;C22 455 K189;C22 455 K190;C22 455 K191;C22 455 K192;C22 455 K193;C22 455 K194;C22 455 K195;C22 455 K196;C22 455 K197;C22 455 K198;C22 455 K199;C22 455 K200;C22 455 K201;C22 455 K202;C22 455 K203;C22 455 K204;C22 455 K205
"Unibep SA
ul. 3 Maja 19
17-100 Bielsk Podlaski
Dla POLIMERY POLICE - PP, PPL, AUX AREA";;;;;;;;;;;;;;;;;;;;1.   Level 1  L1_PP, AUX;2.   Level 2  L2_AUX_SS-05;3.   Level 3  L3_AUX_SS-05_1;4.   Level 3  L3_AUX_SS-05_2;5.   Level 3  L3_AUX_SS-05_3;6.   Level 3  L3_AUX_SS-05_4;7.   Level 3  L3_AUX_SS-05_5;8.   Level 3  L3_AUX_SS-05_6;9.   Level 3  L3_AUX_SS-05_7;10.  Level 3  L3_AUX_SS-05_8;11.  Level 3  L3_AUX_SS-05_9;12.  Level 3  L3_AUX_SS-05_10;13.  Level 3  L3_AUX_SS-05_11;14.  Level 3  L3_AUX_SS-05_12;15.  Level 3  L3_AUX_SS-05_13;16.  Level 3  L3_AUX_SS-05_14;17.  Level 2  L2_AUX_SS-03;18.  Level 3  L3_AUX_SS-03_1;19.  Level 3  L3_AUX_SS-03_2;20.  Level 3  L3_AUX_SS-03_3;21.  Level 3  L3_AUX_SS-03_4;22.  Level 3  L3_AUX_SS-03_5;23.  Level 3  L3_AUX_SS-03_6;24.  Level 3  L3_AUX_SS-03_7;25.  Level 3  L3_AUX_SS-03_8;26.  Level 3  L3_AUX_SS-03_9;27.  Level 3  L3_AUX_SS-03_10;28.  Level 3  L3_AUX_SS-03_11;29.  Level 3  L3_AUX_SS-03_12;30.  Level 2  L3_AUX_CR-21;31.  Level 3  L3_AUX_CR-21_1;32.  Level 3  L3_AUX_CR-21_2;33.  Level 3  L3_AUX_CR-21_3;34.  Level 3  L3_AUX_CR-21_4;35.  Level 3  L3_AUX_CR-21_5;36.  Level 3  L3_AUX_CR-21_6;37.  Level 3  L3_AUX_CR-21_7;38.  Level 3  L3_AUX_CR-21_8;39.  Level 3  L3_AUX_CR-21_9;40.  Level 3  L3_AUX_CR-21_10;41.  Level 3  L3_AUX_CR-21_11;42.  Level 3  L3_AUX_CR-21_12;43.  Level 3  L3_AUX_CR-21_13;44.  Level 3  L3_AUX_CR-21_14;45.  Level 3  L3_AUX_CR-21_15;46.  Level 3  L3_AUX_CR-21_16;47.  Level 3  L3_AUX_CR-21_17;48.  Level 3  L3_AUX_CR-21_18;49.  Level 3  L3_AUX_CR-21_19;50.  Level 3  L3_AUX_CR-21_20;51.  Level 3  L3_AUX_CR-21_21;52.  Level 3  L3_AUX_CR-21_22;53.  Level 3  L3_AUX_CR-21_23;54.  Level 3  L3_AUX_CR-21_24;55.  Level 3  L3_AUX_CR-21_25;56.  Level 3  L3_AUX_CR-21_26;57.  Level 3  L3_AUX_CR-21_27;58.  Level 3  L3_AUX_CR-21_28;59.  Level 3  L3_AUX_CR-21_29;60.  Level 3  L3_AUX_CR-21_30;61.  Level 3  L3_AUX_CR-21_31;62.  Level 3  L3_AUX_CR-21_32;63.  Level 3  L3_AUX_CR-21_33;64.  Level 3  L3_AUX_CR-21_34;65.  Level 3  L3_AUX_CR-21_35;66.  Level 3  L3_AUX_CR-21_36;67.  Level 3  L3_AUX_CR-21_37;68.  Level 3  L3_AUX_CR-21_38;69.  Level 3  L3_AUX_CR-21_39;70.  Level 3  L3_AUX_CR-21_40;71.  Level 3  L3_AUX_CR-21_41;72.  Level 3  L3_AUX_CR-21_42;73.  Level 2  L2_AUX_LB-41;74.  Level 3  L3_AUX_LB-41_1;75.  Level 3  L3_AUX_LB-41_2;76.  Level 3  L3_AUX_LB-41_3;77.  Level 3  L3_AUX_LB-41_4;78.  Level 3  L3_AUX_LB-41_5;79.  Level 3  L3_AUX_LB-41_6;80.  Level 3  L3_AUX_LB-41_7;81.  Level 3  L3_AUX_LB-41_8;82.  Level 3  L3_AUX_LB-41_9;83.  Level 3  L3_AUX_LB-41_10;84.  Level 3  L3_AUX_LB-41_11;85.  Level 3  L3_AUX_LB-41_12;86.  Level 3  L3_AUX_LB-41_13;87.  Level 3  L3_AUX_LB-41_14;88.  Level 3  L3_AUX_LB-41_15;89.  Level 3  L3_AUX_LB-41_16;90.  Level 3  L3_AUX_LB-41_17;91.  Level 3  L3_AUX_LB-41_18;92.  Level 3  L3_AUX_LB-41_19;93.  Level 3  L3_AUX_LB-41_20;94.  Level 3  L3_AUX_LB-41_21;95.  Level 3  L3_AUX_LB-41_22;96.  Level 3  L3_AUX_LB-41_23;97.  Level 3  L3_AUX_LB-41_24;98.  Level 3  L3_AUX_LB-41_25;99.  Level 3  L3_AUX_LB-41_26;100. Level 3  L3_AUX_LB-41_27;101. Level 3  L3_AUX_LB-41_28;102. Level 3  L3_AUX_LB-41_29;103. Level 3  L3_AUX_LB-41_30;104. Level 3  L3_AUX_LB-41_31;105. Level 3  L3_AUX_LB-41_32;106. Level 3  L3_AUX_LB-41_33;107. Level 3  L3_AUX_LB-41_34;108. Level 3  L3_AUX_LB-41_35;109. Level 3  L3_AUX_LB-41_36;110. Level 3  L3_AUX_LB-41_37;111. Level 3  L3_AUX_LB-41_38;112. Level 2  L2_AUX_WS-42;113. Level 3  L3_AUX_WS-42_1;114. Level 3  L3_AUX_WS-42_2;115. Level 3  L3_AUX_WS-42_3;116. Level 3  L3_AUX_WS-42_4;117. Level 3  L3_AUX_WS-42_5;118. Level 3  L3_AUX_WS-42_6;119. Level 3  L3_AUX_WS-42_7;120. Level 3  L3_AUX_WS-42_8;121. Level 3  L3_AUX_WS-42_9;122. Level 3  L3_AUX_WS-42_10;123. Level 3  L3_AUX_WS-42_11;124. Level 3  L3_AUX_WS-42_12;125. Level 3  L3_AUX_WS-42_13;126. Level 3  L3_AUX_WS-42_14;127. Level 3  L3_AUX_WS-42_15;128. Level 3  L3_AUX_WS-42_16;129. Level 3  L3_AUX_WS-42_17;130. Level 3  L3_AUX_WS-42_18;131. Level 3  L3_AUX_WS-42_19;132. Level 3  L3_AUX_WS-42_20;133. Level 3  L3_AUX_WS-42_21;134. Level 3  L3_AUX_WS-42_22;135. Level 3  L3_AUX_WS-42_23;136. Level 3  L3_AUX_WS-42_24;137. Level 3  L3_AUX_WS-42_25;138. Level 3  L3_AUX_WS-42_26;139. Level 3  L3_AUX_WS-42_27;140. Level 3  L3_AUX_WS-42_28;141. Level 3  L3_AUX_WS-42_29;142. Level 3  L3_AUX_WS-42_30;143. Level 3  L3_AUX_WS-42_31;144. Level 3  L3_AUX_WS-42_32;145. Level 3  L3_AUX_WS-42_33;146. Level 3  L3_AUX_WS-42_34;147. Level 3  L3_AUX_WS-42_35;148. Level 3  L3_AUX_WS-42_36;149. Level 3  L3_AUX_WS-42_37;150. Level 3  L3_AUX_WS-42_38;151. Level 3  L3_AUX_WS-42_39;152. Level 3  L3_AUX_WS-42_40;153. Level 3  L3_AUX_WS-42_41;154. Level 3  L3_AUX_WS-42_42;155. Level 3  L3_AUX_WS-42_43;156. Level 3  L3_AUX_WS-42_44;157. Level 3  L3_AUX_WS-42_45;158. Level 3  L3_AUX_WS-42_46;159. Level 3  L3_AUX_WS-42_47;160. Level 3  L3_AUX_WS-42_48;161. Level 3  L3_AUX_WS-42_49;162. Level 3  L3_AUX_WS-42_50;163. Level 3  L3_AUX_WS-42_51;164. Level 3  L3_AUX_WS-42_52;165. Level 3  L3_AUX_WS-42_53;166. Level 3  L3_AUX_WS-42_54;167. Level 3  L3_AUX_WS-42_55;168. Level 3  L3_AUX_WS-42_56;169. Level 3  L3_AUX_WS-42_57;170. Level 3  L3_AUX_WS-42_58;171. Level 3  L3_AUX_WS-42_59;172. Level 3  L3_AUX_WS-42_60;173. Level 3  L3_AUX_WS-42_61;174. Level 2  L2_AUX_ST-34;175. Level 3  L3_AUX_ST-34_1;176. Level 3  L3_AUX_ST-34_2;177. Level 3  L3_AUX_ST-34_3;178. Level 2  L2_PP_T2 Shelter;179. Level 3  L2_PP_T2 Shelter_1;180. Level 2  L2_PP_SC_700;181. Level 3  L3_PP_SC_701_1;182. Level 3  L3_PP_SC_701_2;183. Level 3  L3_PP_SC_701_3;184. Level 3  L3_PP_SC_701_4;185. Level 3  L3_PP_SC_701_5;186. Level 3  L3_PP_SC_701_6;187. Level 3  L3_PP_SC_701_7;188. Level 3  L3_PP_SC_701_8;189. Level 3  L3_PP_SC_701_9;190. Level 3  L3_PP_SC_701_10;191. Level 3  L3_PP_SC_701_11;192. Level 3  L3_PP_SC_701_12;193. Level 3  L3_PP_SC_701_13;194. Level 3  L3_PP_SC_701_14;195. Level 3  L3_PP_SC_701_15;196. Level 3  L3_PP_SC_701_16;197. Level 3  L3_PP_SC_701_17;198. Level 3  L3_PP_SC_701_18;199. Level 3  L3_PP_SC_701_19;200. Level 2  L2_PP_CW_33;201. Level 3  L3_PP_CW_33_1;202. Level 3  L3_PP_CW_33_2;203. Level 3  L3_PP_CW_33_3;204. Level 3  L3_PP_CW_33_4;205. Level 3  L3_PP_CW_33_5;206. Level 3  L3_PP_CW_33_6
;;;;;;;;;;;;;;;;;;;;A5DX;A5AX;A5AX;A5AX;A5AX;A5AX;A5AX;A5AX;A5AX;A5AX;A5AX;A5AX;A5AX;A5AX;A5AX;A5AX;A5BX;A5BX;A5BX;A5BX;A5BX;A5BX;A5BX;A5BX;A5BX;A5BX;A5BX;A5BX;A5BX;A5CX;A5CX;A5CX;A5CX;A5CX;A5CX;A5CX;A5CX;A5CX;A5CX;A5CX;A5CX;A5CX;A5CX;A5CX;A5CX;A5CX;A5CX;A5CX;A5CX;A5CX;A5CX;A5CX;A5CX;A5CX;A5CX;A5CX;A5CX;A5CX;A5CX;A5CX;A5CX;A5CX;A5CX;A5CX;A5CX;A5CX;A5CX;A5CX;A5CX;A5CX;A5CX;A5CX;A5EX;A5EX;A5EX;A5EX;A5EX;A5EX;A5EX;A5EX;A5EX;A5EX;A5EX;A5EX;A5EX;A5EX;A5EX;A5EX;A5EX;A5EX;A5EX;A5EX;A5EX;A5EX;A5EX;A5EX;A5EX;A5EX;A5EX;A5EX;A5EX;A5EX;A5EX;A5EX;A5EX;A5EX;A5EX;A5EX;A5EX;A5EX;A5EX;A5AX;A5AX;A5AX;A5AX;A5AX;A5AX;A5AX;A5AX;A5AX;A5AX;A5AX;A5AX;A5AX;A5AX;A5AX;A5AX;A5AX;A5AX;A5AX;A5AX;A5AX;A5AX;A5AX;A5AX;A5AX;A5AX;A5AX;A5AX;A5AX;A5AX;A5AX;A5AX;A5AX;A5AX;A5AX;A5AX;A5AX;A5AX;A5AX;A5AX;A5AX;A5AX;A5AX;A5AX;A5AX;A5AX;A5AX;A5AX;A5AX;A5AX;A5AX;A5AX;A5AX;A5AX;A5AX;A5AX;A5AX;A5AX;A5AX;A5AX;A5AX;A5AX;A5BX;A5BX;A5BX;A5BX;A5CX;A5CX;A5EX;A5EX;A5EX;A5EX;A5EX;A5EX;A5EX;A5EX;A5EX;A5EX;A5EX;A5EX;A5EX;A5EX;A5EX;A5EX;A5EX;A5EX;A5EX;A5EX;A5AX;A5AX;A5AX;A5AX;A5AX;A5AX;A5AX
;;;;;;;;;;;;;;;;;;;;1;2;3;3;3;3;3;3;3;3;3;3;3;3;3;3;2;3;3;3;3;3;3;3;3;3;3;3;3;2;3;3;3;3;3;3;3;3;3;3;3;3;3;3;3;3;3;3;3;3;3;3;3;3;3;3;3;3;3;3;3;3;3;3;3;3;3;3;3;3;3;3;2;3;3;3;3;3;3;3;3;3;3;3;3;3;3;3;3;3;3;3;3;3;3;3;3;3;3;3;3;3;3;3;3;3;3;3;3;3;3;2;3;3;3;3;3;3;3;3;3;3;3;3;3;3;3;3;3;3;3;3;3;3;3;3;3;3;3;3;3;3;3;3;3;3;3;3;3;3;3;3;3;3;3;3;3;3;3;3;3;3;3;3;3;3;3;3;3;3;3;3;3;2;3;3;3;2;3;2;3;3;3;3;3;3;3;3;3;3;3;3;3;3;3;3;3;3;3;2;3;3;3;3;3;3
"ASSA ABLOY
Opening Solutions Poland S.A.
ul. Magazynowa 4
64-100 Leszno
T - 65 5250 720";;;;;;;;;;;;;;;;;;;;062523 000000;204523 000000;446523 000000;428523 000000;626523 000000;886523 000000;826523 000000;448523 000000;828523 000000;426523 000000;686523 000000;648523 000000;486523 000000;646523 000000;628523 000000;846523 000000;204523 000000;628523 000000;846523 000000;428523 000000;446523 000000;826523 000000;686523 000000;646523 000000;486523 000000;626523 000000;886523 000000;828523 000000;426523 000000;282523 000000;404523 000000;624523 000000;822723 000000;402543 000000;266723 000000;642543 000000;262143 000000;622543 000000;626523 000000;268723 000000;606523 000000;644523 000000;622723 000000;426523 000000;646523 000000;262343 000000;428523 000000;422543 000000;446523 000000;602543 000000;648523 000000;260543 000000;848523 000000;402723 000000;448523 000000;442723 000000;842723 000000;264723 000000;826523 000000;406523 000000;422723 000000;424523 000000;822543 000000;824523 000000;642723 000000;604523 000000;442543 000000;628523 000000;846523 000000;602723 000000;844523 000000;828523 000000;204523 000000;006723 000000;826523 000000;402723 000000;602543 000000;446523 000000;626523 000000;426523 000000;448523 000000;602723 000000;024723 000000;646523 000000;628523 000000;846523 000000;268543 000000;486523 000000;282723 000000;006543 000000;602563 000000;848523 000000;488523 000000;428523 000000;242723 000000;828523 000000;282543 000000;260543 000000;242563 000000;686523 000000;648523 000000;260563 000000;268723 000000;864723 000000;886523 000000;402543 000000;688523 000000;864543 000000;024543 000000;242543 000000;402563 000000;002723 000000;004583 000000;022363 000000;866723 000000;862743 000000;266723 000000;042125 000000;862763 000000;026583 000000;022127 000000;602583 000000;042143 000000;022325 000000;006543 000000;004543 000000;868723 000000;464723 000000;006525 000000;022125 000000;668723 000000;022327 000000;022383 000000;068743 000000;068725 000000;602543 000000;002565 000000;068763 000000;022163 000000;002505 000000;862783 000000;042383 000000;022143 000000;468723 000000;402563 000000;602525 000000;202525 000000;004525 000000;602563 000000;022343 000000;042325 000000;402543 000000;042343 000000;042127 000000;862725 000000;402525 000000;006563 000000;042163 000000;002545 000000;268723 000000;202563 000000;042363 000000;006583 000000;004563 000000;202583 000000;068783 000000;042327 000000;466723 000000;664723 000000;864723 000000;402583 000000;002585 000000;202543 000000;248523 000000;688523 000000;242723 000000;488523 000000;004723 000000;004723 000000;422723 000000;622583 000000;262743 000000;822563 000000;482583 000000;442583 000000;022143 000000;022383 000000;022163 000000;822583 000000;022363 000000;482543 000000;622563 000000;022343 000000;442543 000000;822543 000000;262763 000000;442563 000000;482563 000000;622543 000000;848523 000000;044543 000000;242543 000000;882543 000000;040563 000000;242563 000000;040543 000000
Rozb.3;;;;;;;;;;;;;;;;;;;;LC XT;LC XT;LC XT;LC XT;LC XT;LC XT;LC XT;LC XT;LC XT;LC XT;LC XT;LC XT;LC XT;LC XT;LC XT;LC XT;LC XT;LC XT;LC XT;LC XT;LC XT;LC XT;LC XT;LC XT;LC XT;LC XT;LC XT;LC XT;LC XT;LC XT;LC XT;LC XT;LC XT;LC XT;LC XT;LC XT;LC XT;LC XT;LC XT;LC XT;LC XT;LC XT;LC XT;LC XT;LC XT;LC XT;LC XT;LC XT;LC XT;LC XT;LC XT;LC XT;LC XT;LC XT;LC XT;LC XT;LC XT;LC XT;LC XT;LC XT;LC XT;LC XT;LC XT;LC XT;LC XT;LC XT;LC XT;LC XT;LC XT;LC XT;LC XT;LC XT;LC XT;LC XT;LC XT;LC XT;LC XT;LC XT;LC XT;LC XT;LC XT;LC XT;LC XT;LC XT;LC XT;LC XT;LC XT;LC XT;LC XT;LC XT;LC XT;LC XT;LC XT;LC XT;LC XT;LC XT;LC XT;LC XT;LC XT;LC XT;LC XT;LC XT;LC XT;LC XT;LC XT;LC XT;LC XT;LC XT;LC XT;LC XT;LC XT;LC XT;LC XT;LC XT;LC XT;LC XT;LC XT;LC XT;LC XT;LC XT;LC XT;LC XT;LC XT;LC XT;LC XT;LC XT;LC XT;LC XT;LC XT;LC XT;LC XT;LC XT;LC XT;LC XT;LC XT;LC XT;LC XT;LC XT;LC XT;LC XT;LC XT;LC XT;LC XT;LC XT;LC XT;LC XT;LC XT;LC XT;LC XT;LC XT;LC XT;LC XT;LC XT;LC XT;LC XT;LC XT;LC XT;LC XT;LC XT;LC XT;LC XT;LC XT;LC XT;LC XT;LC XT;LC XT;LC XT;LC XT;LC XT;LC XT;LC XT;LC XT;LC XT;LC XT;LC XT;LC XT;LC XT;LC XT;LC XT;LC XT;LC XT;LC XT;LC XT;LC XT;LC XT;LC XT;LC XT;LC XT;LC XT;LC XT;LC XT;LC XT;LC XT;LC XT;LC XT;LC XT;LC XT;LC XT;LC XT;LC XT;LC XT;LC XT;LC XT;LC XT;LC XT;LC XT
22.09.2022;;;;;;;;;;;;;;;;;;;;;;;;;;;;;;;;;;;;;;;;;;;;;;;;;;;;;;;;;;;;;;;;;;;;;;;;;;;;;;;;;;;;;;;;;;;;;;;;;;;;;;;;;;;;;;;;;;;;;;;;;;;;;;;;;;;;;;;;;;;;;;;;;;;;;;;;;;;;;;;;;;;;;;;;;;;;;;;;;;;;;;;;;;;;;;;;;;;;;;;;;;;;;;;;;;;;;;;;;;;;;;;;;
14.11.2022;;;;;;;;;;;;;;;;;;;;;;;;;;;;;;;;;;;;;;;;;;;;;;;;;;;;;;;;;;;;;;;;;;;;;;;;;;;;;;;;;;;;;;;;;;;;;;;;;;;;;;;;;;;;;;;;;;;;;;;;;;;;;;;;;;;;;;;;;;;;;;;;;;;;;;;;;;;;;;;;;;;;;;;;;;;;;;;;;;;;;;;;;;;;;;;;;;;;;;;;;;;;;;;;;;;;;;;;;;;;;;;;;

;;;;;;;;;;;;
;;1.  1000-SS-05                    1         3A      Cable Area;SN;9;;;35-9;;22.09.2022;35;"002523 000000
244
466";22.09.2022;A5AX;1;;;C22 455 001;LCJ+XT;;X;X;X
;;2.  1000-SS-05                    1         3B      Cable Area;SN;9;;;35-9;;22.09.2022;35;"002523 000000
244
466";22.09.2022;A5AX;1;;;C22 455 002;LCJ+XT;;X;X;X
;;3.  1000-SS-05                    2         3C      Capacitor Area;SN;9;;;35-9;;22.09.2022;35;"002523 000000
224
468";22.09.2022;A5AX;1;;;C22 455 003;LCJ+XT;;X;X;;X
;;4.  1000-SS-05                    20        6       GIS Room;SN;9;;;35-9;;22.09.2022;35;"002523 000000
224
666";22.09.2022;A5AX;1;;;C22 455 004;LCJ+XT;;X;X;;;X
;;5.  1000-SS-05                    20        1       GIS Room;SN;9;;;35-9;;22.09.2022;35;"002523 000000
224
666";22.09.2022;A5AX;1;;;C22 455 005;LCJ+XT;;X;X;;;X
;;6.  1000-SS-05                    21        6       Switchgear RM-1;SN;9;;;35-9;;22.09.2022;35;"002523 000000
264
886";22.09.2022;A5AX;1;;;C22 455 006;LCJ+XT;;X;X;;;;X
;;7.  1000-SS-05                    21        1a      Switchgear RM-1;SN;9;;;35-9;;22.09.2022;35;"002523 000000
264
886";22.09.2022;A5AX;1;;;C22 455 007;LC+XT;;X;X;;;;X
;;8.  1000-SS-05                    22        6       Switchgear RM-2;SN;9;;;35-9;;22.09.2022;35;"002523 000000
224
866";22.09.2022;A5AX;1;;;C22 455 008;LCJ+XT;;X;X;;;;;X
;;9.  1000-SS-05                    22        1a      Switchgear RM-2;SN;9;;;35-9;;22.09.2022;35;"002523 000000
224
866";22.09.2022;A5AX;1;;;C22 455 009;LCJ+XT;;X;X;;;;;X
;;10. 1000-SS-05                    23        4       UPS Room;SN;9;;;35-9;;22.09.2022;35;"002523 000000
244
468";22.09.2022;A5AX;1;;;C22 455 010;LCJ+XT;;X;X;;;;;;X
;;11. 1000-SS-05                    24        9       OHS Room;SN;40;;;35-40;;22.09.2022;35;"002523 000000
224
868";22.09.2022;A5AX;1;;;C22 455 011;LC+XT;;X;X;;;;;;;X
;;12. 1000-SS-05                    25        7       Toilet;SN;40;;;35-40;;22.09.2022;35;"002523 000000
224
466";22.09.2022;A5AX;1;;;C22 455 012;LC+XT;;X;X;;;;;;;;X
;;13. 1000-SS-05                    25        7       Toilet;SN;40;;;35-40;;22.09.2022;35;"002523 000000
224
466";22.09.2022;A5AX;1;;;C22 455 013;LC+XT;;X;X;;;;;;;;X
;;14. 1000-SS-05                    26        4       HVAC Room;SN;9;;;35-9;;22.09.2022;35;"002523 000000
264
686";22.09.2022;A5AX;1;;;C22 455 014;LCJ+XT;;X;X;;;;;;;;;X
;;15. 1000-SS-05                    27        5       Battery Room;SN;50;;;35-50;;22.09.2022;35;"002523 000000
244
668";22.09.2022;A5AX;1;;;C22 455 015;LC+XT;;X;X;;;;;;;;;;X
;;16. 1000-SS-05                    28        1       Control Room;SN;9;;;35-9;;22.09.2022;35;"002523 000000
264
486";22.09.2022;A5AX;1;;;C22 455 016;LCJ+XT;;X;X;;;;;;;;;;;X
;;17. 1000-SS-05                    28        4       Control Room;SN;9;;;35-9;;22.09.2022;35;"002523 000000
264
486";22.09.2022;A5AX;1;;;C22 455 017;LCJ+XT;;X;X;;;;;;;;;;;X
;;18. 1000-SS-05                    29        4       Cylinder Room;SN;9;;;35-9;;22.09.2022;35;"002523 000000
244
666";22.09.2022;A5AX;1;;;C22 455 018;LCJ+XT;;X;X;;;;;;;;;;;;X
;;19. 1000-SS-05                    30        2       LV Switchgear room;SN;9;;;35-9;;22.09.2022;35;"002523 000000
224
668";22.09.2022;A5AX;1;;;C22 455 019;LCJ+XT;;X;X;;;;;;;;;;;;;X
;;20. 1000-SS-05                    30        4       LV Switchgear room;SN;9;;;35-9;;22.09.2022;35;"002523 000000
224
668";22.09.2022;A5AX;1;;;C22 455 020;LCJ+XT;;X;X;;;;;;;;;;;;;X
;;21. 1000-SS-05                    31        8       Corridor;SN;9;;;35-9;;22.09.2022;35;"002523 000000
244
866";22.09.2022;A5AX;1;;;C22 455 021;LCJ+XT;;X;X;;;;;;;;;;;;;;X
;;22. 1000 - SS-03                  1         6       Cable Area;SN;9;;;35-9;;22.09.2022;35;"002523 000000
224
668";22.09.2022;A5BX;2;;;C22 455 022;LCJ+XT;;X;;;;;;;;;;;;;;;;X;X
;;23. 1000 - SS-03                  3         8       HVAC ROOM;SN;9;;;35-9;;22.09.2022;35;"002523 000000
244
866";22.09.2022;A5BX;1;;;C22 455 023;LCJ+XT;;X;;;;;;;;;;;;;;;;X;;X
;;24. 1000 - SS-03                  4         8       Batery room;SN;9;;;35-9;;22.09.2022;35;"002523 000000
224
468";22.09.2022;A5BX;1;;;C22 455 024;LCJ+XT;;X;;;;;;;;;;;;;;;;X;;;X
;;25. 1000 - SS-03                  5         5       Rack room;SN;9;;;35-9;;22.09.2022;35;"002523 000000
244
466";22.09.2022;A5BX;1;;;C22 455 025;LCJ+XT;;X;;;;;;;;;;;;;;;;X;;;;X
;;26. 1000 - SS-03                  6         5       UPS Room;SN;9;;;35-9;;22.09.2022;35;"002523 000000
224
866";22.09.2022;A5BX;1;;;C22 455 026;LCJ+XT;;X;;;;;;;;;;;;;;;;X;;;;;X
;;27. 1000 - SS-03                  6         3       UPS Room;SN;40;;;35-40;;22.09.2022;35;"002523 000000
264
686";22.09.2022;A5BX;1;;;C22 455 027;LC+XT;;X;;;;;;;;;;;;;;;;X;;;;;;X
;;28. 1000 - SS-03                  7         1,2     Air Lock;SN;9;;;35-9;;22.09.2022;35;"002523 000000
244
666";22.09.2022;A5BX;2;;;C22 455 028;LCJ+XT;;X;;;;;;;;;;;;;;;;X;;;;;;;X
;;29. 1000 - SS-03                  11        5       Capacitor Area;SN;9;;;35-9;;22.09.2022;35;"002523 000000
264
486";22.09.2022;A5BX;1;;;C22 455 029;LCJ+XT;;X;;;;;;;;;;;;;;;;X;;;;;;;;X
;;30. 1000 - SS-03                  20        7,1     LV Room;SN;9;;;35-9;;22.09.2022;35;"002523 000000
224
666";22.09.2022;A5BX;2;;;C22 455 030;LCJ+XT;;X;;;;;;;;;;;;;;;;X;;;;;;;;;X
;;31. 1000 - SS-03                  21        7,1     MV Room;SN;9;;;35-9;;22.09.2022;35;"002523 000000
264
886";22.09.2022;A5BX;2;;;C22 455 031;LCJ+XT;;X;;;;;;;;;;;;;;;;X;;;;;;;;;;X
;;32. 1000 - SS-03                  20/21     10      .;SN;40;;;35-40;;22.09.2022;35;"002523 000000
224
868";22.09.2022;A5BX;1;;;C22 455 032;LC+XT;;X;;;;;;;;;;;;;;;;X;;;;;;;;;;;X
;;33. 1000 - SS-03                  22        9       UPS Room;SN;9;;;35-9;;22.09.2022;35;"002523 000000
224
466";22.09.2022;A5BX;1;;;C22 455 033;LCJ+XT;;X;;;;;;;;;;;;;;;;X;;;;;;;;;;;;X
;;34. CCR-21                        1         7,8     Air Lock-1;SN;9;;;35-9;;22.09.2022;35;"002523 000000
264
48";22.09.2022;A5CX;2;;;C22 455 034;LCJ+XT;;X;;;;;;;;;;;;;;;;;;;;;;;;;;;;;X;X
;;35. CCR-21                        2         7,8     Air Lock-2;SN;9;;;35-9;;22.09.2022;35;"002523 000000
264
48";22.09.2022;A5CX;2;;;C22 455 035;LCJ+XT;;X;;;;;;;;;;;;;;;;;;;;;;;;;;;;;X;X
;;36. CCR-21                        50        7,8     Air lock -6;SN;9;;;35-9;;22.09.2022;35;"002523 000000
264
48";02.11.2022;A5CX;2;;;C22 455 036;LCJ+XT;;X;;;;;;;;;;;;;;;;;;;;;;;;;;;;;X;X
;;37. CCR-21                        28        7       Air lock - 4;SN;9;;;35-9;;22.09.2022;35;"002523 000000
264
48";22.09.2022;A5CX;1;;;C22 455 037;LCJ+XT;;X;;;;;;;;;;;;;;;;;;;;;;;;;;;;;X;X
;;38. CCR-21                        3,29      9       corridor-1;SN;9;;;35-9;;22.09.2022;35;"022523 000000
264
68";22.09.2022;A5CX;1;;;C22 455 038;LCJ+XT;;X;;;;;;;;;;;;;;;;;;;;;;;;;;;;;X;;X
;;39. CCR-21                        29        8       corridor-3;SN;9;;;35-9;;22.09.2022;35;"022523 000000
264
68";22.09.2022;A5CX;1;;;C22 455 039;LCJ+XT;;X;;;;;;;;;;;;;;;;;;;;;;;;;;;;;X;;X
;;40. CCR-21                        29        12      corridor-3;SN;9;;;35-9;;22.09.2022;35;"022523 000000
264
68";22.09.2022;A5CX;1;;;C22 455 040;LCJ+XT;;X;;;;;;;;;;;;;;;;;;;;;;;;;;;;;X;;X
;;41. CCR-21                        4         13      HVAC Room;SN;9;;;35-9;;22.09.2022;35;"022523 000000
26 7
88";22.09.2022;A5CX;1;;;C22 455 041;LCJ+XT;;X;;;;;;;;;;;;;;;;;;;;;;;;;;;;;X;;;X
;;42. CCR-21                        5         2       Mechanical and instrumentation storage;SN;40;;;35-40;;22.09.2022;35;"002523 000000
26  4
48";22.09.2022;A5CX;1;;;C22 455 042;LC+XT;;X;;;;;;;;;;;;;;;;;;;;;;;;;;;;;X;;;;X
;;43. CCR-21                        6         2A      Handy room;SN;40;;;35-40;;22.09.2022;35;"062523 000000
2867";22.09.2022;A5CX;1;;;C22 455 043;LC+XT;;X;;;;;;;;;;;;;;;;;;;;;;;;;;;;;X;;;;;X
;;44. CCR-21                        7         10      telecom room;SN;9;;;35-9;;22.09.2022;35;"042523 000000
26  4
68";22.09.2022;A5CX;1;;;C22 455 044;LCJ+XT;;X;;;;;;;;;;;;;;;;;;;;;;;;;;;;;X;;;;;;X
;;45. CCR-21                        8         5       shift leader room;SN;40;;;35-40;;22.09.2022;35;"062123 000000
28 54";22.09.2022;A5CX;1;;;C22 455 045;LC+XT;;X;;;;;;;;;;;;;;;;;;;;;;;;;;;;;X;;;;;;;X
;;46. CCR-21                        9         19      corridor-2;SN;9;;;35-9;;22.09.2022;35;"022523 000000
26  4
68";22.09.2022;A5CX;;;;C22 455 046;LCJ+XT;;X;;;;;;;;;;;;;;;;;;;;;;;;;;;;;X;;;;;;;;X
;;47. CCR-21                        10        5A, 5A  control room;SN;40;;;35-40;;22.09.2022;35;"022523 000000
266
68";22.09.2022;A5CX;2;;;C22 455 047;LC+XT;;X;;;;;;;;;;;;;;;;;;;;;;;;;;;;;X;;;;;;;;;X
;;48. CCR-21                        12        2       director room;SN;40;;;35-40;;22.09.2022;35;"062523 000000
2887";22.09.2022;A5CX;1;;;C22 455 048;LC+XT;;X;;;;;;;;;;;;;;;;;;;;;;;;;;;;;X;;;;;;;;;;X
;;49. CCR-21                        13        1A      dining room;SN;40;;;35-40;;22.09.2022;35;"002523 000000
266
68";22.09.2022;A5CX;2;;;C22 455 049;LC+XT;;X;;;;;;;;;;;;;;;;;;;;;;;;;;;;;X;;;;;;;;;;;X
;;50. CCR-21                        14        4,17    toilet w-1;SN;40;;;35-40;;22.09.2022;35;"042523 000000
264
68";22.09.2022;A5CX;2;;;C22 455 050;LC+XT;;X;;;;;;;;;;;;;;;;;;;;;;;;;;;;;X;;;;;;;;;;;;X
;;51. CCR-21                        15        4,17    toilet m-1;SN;40;;;35-40;;22.09.2022;35;"042523 000000
264
68";22.09.2022;A5CX;2;;;C22 455 051;LC+XT;;X;;;;;;;;;;;;;;;;;;;;;;;;;;;;;X;;;;;;;;;;;;X
;;52. CCR-21                        16        2       conference room;SN;40;;;35-40;;22.09.2022;35;"022523 000000
26 7
68";22.09.2022;A5CX;2;;;C22 455 052;LC+XT;;X;;;;;;;;;;;;;;;;;;;;;;;;;;;;;X;;;;;;;;;;;;;X
;;53. CCR-21                        17        2       office-1;SN;40;;;35-40;;22.09.2022;35;"022523 000000
266
48";22.09.2022;A5CX;1;;;C22 455 053;LC+XT;;X;;;;;;;;;;;;;;;;;;;;;;;;;;;;;X;;;;;;;;;;;;;;X
;;54. CCR-21                        18        2       office-2;SN;40;;;35-40;;22.09.2022;35;"042523 000000
266
68";22.09.2022;A5CX;1;;;C22 455 054;LC+XT;;X;;;;;;;;;;;;;;;;;;;;;;;;;;;;;X;;;;;;;;;;;;;;;X
;;55. CCR-21                        19        2       office-3;SN;40;;;35-40;;22.09.2022;35;"062323 000000
28 54";22.09.2022;A5CX;1;;;C22 455 055;LC+XT;;X;;;;;;;;;;;;;;;;;;;;;;;;;;;;;X;;;;;;;;;;;;;;;;X
;;56. CCR-21                        20        2       office-4;SN;40;;;35-40;;22.09.2022;35;"022523 000000
268
48";22.09.2022;A5CX;1;;;C22 455 056;LC+XT;;X;;;;;;;;;;;;;;;;;;;;;;;;;;;;;X;;;;;;;;;;;;;;;;;X
;;57. CCR-21                        21        2       office-5;SN;40;;;35-40;;22.09.2022;35;"022523 000000
26  4
48";22.09.2022;A5CX;1;;;C22 455 057;LC+XT;;X;;;;;;;;;;;;;;;;;;;;;;;;;;;;;X;;;;;;;;;;;;;;;;;;X
;;58. CCR-21                        22        2       office-6;SN;40;;;35-40;;22.09.2022;35;"042523 000000
266
48";22.09.2022;A5CX;1;;;C22 455 058;LC+XT;;X;;;;;;;;;;;;;;;;;;;;;;;;;;;;;X;;;;;;;;;;;;;;;;;;;X
;;59. CCR-21                        23        2       office-7;SN;40;;;35-40;;22.09.2022;35;"002523 000000
26  4
68";22.09.2022;A5CX;1;;;C22 455 059;LC+XT;;X;;;;;;;;;;;;;;;;;;;;;;;;;;;;;X;;;;;;;;;;;;;;;;;;;;X
;;60. CCR-21                        24        2       office-8;SN;40;;;35-40;;22.09.2022;35;"042523 000000
268
68";22.09.2022;A5CX;1;;;C22 455 060;LC+XT;;X;;;;;;;;;;;;;;;;;;;;;;;;;;;;;X;;;;;;;;;;;;;;;;;;;;;X
;;61. CCR-21                        25        2       office-9;SN;40;;;35-40;;22.09.2022;35;"060523 000000
282 4";22.09.2022;A5CX;1;;;C22 455 061;LC+XT;;X;;;;;;;;;;;;;;;;;;;;;;;;;;;;;X;;;;;;;;;;;;;;;;;;;;;;X
;;62. CCR-21                        26        2       office-10;SN;40;;;35-40;;22.09.2022;35;"042523 000000
268
88";22.09.2022;A5CX;1;;;C22 455 062;LC+XT;;X;;;;;;;;;;;;;;;;;;;;;;;;;;;;;X;;;;;;;;;;;;;;;;;;;;;;;X
;;63. CCR-21                        27        2       office-11;SN;40;;;35-40;;22.09.2022;35;"002523 000000
26 7
48";22.09.2022;A5CX;1;;;C22 455 063;LC+XT;;X;;;;;;;;;;;;;;;;;;;;;;;;;;;;;X;;;;;;;;;;;;;;;;;;;;;;;;X
;;64. CCR-21                        8, 10     3       shift leader room;SN;40;;;35-40;;22.09.2022;35;"042523 000000
268
48";22.09.2022;A5CX;1;;;C22 455 064;LC+XT;;X;;;;;;;;;;;;;;;;;;;;;;;;;;;;;X;;;;;;;;;;;;;;;;;;;;;;;;;X
;;65. CCR-21                        9         10      corridor-2;SN;9;;;35-9;;22.09.2022;35;"042523 000000
26 7
48";22.09.2022;A5CX;1;;;C22 455 065;LCJ+XT;;X;;;;;;;;;;;;;;;;;;;;;;;;;;;;;X;;;;;;;;;;;;;;;;;;;;;;;;;;X
;;66. CCR-21                        11        13,15   air lock-3;SN;9;;;35-9;;22.09.2022;35;"042523 000000
26 7
88";22.09.2022;A5CX;2;;;C22 455 066;LCJ+XT;;X;;;;;;;;;;;;;;;;;;;;;;;;;;;;;X;;;;;;;;;;;;;;;;;;;;;;;;;;;X
;;67. CCR-21                        30        13,15A  air lock - 5;SN;9;;;35-9;;22.09.2022;35;"062523 000000
2847";22.09.2022;A5CX;2;;;C22 455 067;LCJ+XT;;X;;;;;;;;;;;;;;;;;;;;;;;;;;;;;X;;;;;;;;;;;;;;;;;;;;;;;;;;;;X
;;68. CCR-21                        31        5B      rack room;SN;9;;;35-9;;22.09.2022;35;"022523 000000
266
88";22.09.2022;A5CX;1;;;C22 455 068;LCJ+XT;;X;;;;;;;;;;;;;;;;;;;;;;;;;;;;;X;;;;;;;;;;;;;;;;;;;;;;;;;;;;;X
;;69. CCR-21                        32        14      cylinder room;SN;9;;;35-9;;22.09.2022;35;"002523 000000
266
48";22.09.2022;A5CX;1;;;C22 455 069;LCJ+XT;;X;;;;;;;;;;;;;;;;;;;;;;;;;;;;;X;;;;;;;;;;;;;;;;;;;;;;;;;;;;;;X
;;70. CCR-21                        33        3       engineering room;SN;40;;;35-40;;22.09.2022;35;"022523 000000
26 7
48";22.09.2022;A5CX;1;;;C22 455 070;LC+XT;;X;;;;;;;;;;;;;;;;;;;;;;;;;;;;;X;;;;;;;;;;;;;;;;;;;;;;;;;;;;;;;X
;;71. CCR-21                        34        4       shower room;SN;40;;;35-40;;22.09.2022;35;"022523 000000
264
48";22.09.2022;A5CX;1;;;C22 455 071;LC+XT;;X;;;;;;;;;;;;;;;;;;;;;;;;;;;;;X;;;;;;;;;;;;;;;;;;;;;;;;;;;;;;;;X
;;72. CCR-21                        35        2C      locker room;SN;40;;;35-40;;22.09.2022;35;"022523 000000
264
48";22.09.2022;A5CX;1;;;C22 455 072;LC+XT;;X;;;;;;;;;;;;;;;;;;;;;;;;;;;;;X;;;;;;;;;;;;;;;;;;;;;;;;;;;;;;;;X
;;73. CCR-21                        51        2C      drying room M;SN;40;;;35-40;;22.09.2022;35;"022523 000000
264
48";22.09.2022;A5CX;1;;;C22 455 073;LC+XT;;X;;;;;;;;;;;;;;;;;;;;;;;;;;;;;X;;;;;;;;;;;;;;;;;;;;;;;;;;;;;;;;X
;;74. CCR-21                        36        1A      dinning room;SN;40;;;35-40;;22.09.2022;35;"022523 000000
26  4
88";22.09.2022;A5CX;1;;;C22 455 074;LC+XT;;X;;;;;;;;;;;;;;;;;;;;;;;;;;;;;X;;;;;;;;;;;;;;;;;;;;;;;;;;;;;;;;;X
;;75. CCR-21                        37        4,17    toilet M-2;SN;40;;;35-40;;22.09.2022;35;"022523 000000
264
88";22.09.2022;A5CX;2;;;C22 455 075;LC+XT;;X;;;;;;;;;;;;;;;;;;;;;;;;;;;;;X;;;;;;;;;;;;;;;;;;;;;;;;;;;;;;;;;;X
;;76. CCR-21                        38        18      toilet (disable person);SN;40;;;35-40;;22.09.2022;35;"022523 000000
264
88";22.09.2022;A5CX;1;;;C22 455 076;LC+XT;;X;;;;;;;;;;;;;;;;;;;;;;;;;;;;;X;;;;;;;;;;;;;;;;;;;;;;;;;;;;;;;;;;X
;;77. CCR-21                        39        6       smoking room;SN;40;;;35-40;;22.09.2022;35;"042523 000000
26 7
68";22.09.2022;A5CX;1;;;C22 455 077;LC+XT;;X;;;;;;;;;;;;;;;;;;;;;;;;;;;;;X;;;;;;;;;;;;;;;;;;;;;;;;;;;;;;;;;;;X
;;78. CCR-21                        40        1       cleanner room;SN;40;;;35-40;;22.09.2022;35;"002523 000000
264
68";22.09.2022;A5CX;1;;;C22 455 078;LC+XT;;X;;;;;;;;;;;;;;;;;;;;;;;;;;;;;X;;;;;;;;;;;;;;;;;;;;;;;;;;;;;;;;;;;;X
;;79. CCR-21                        41        4       shower room;SN;40;;;35-40;;22.09.2022;35;"002523 000000
264
68";22.09.2022;A5CX;1;;;C22 455 079;LC+XT;;X;;;;;;;;;;;;;;;;;;;;;;;;;;;;;X;;;;;;;;;;;;;;;;;;;;;;;;;;;;;;;;;;;;X
;;80. CCR-21                        42        2C      locker room;SN;40;;;35-40;;22.09.2022;35;"002523 000000
264
68";22.09.2022;A5CX;2;;;C22 455 080;LC+XT;;X;;;;;;;;;;;;;;;;;;;;;;;;;;;;;X;;;;;;;;;;;;;;;;;;;;;;;;;;;;;;;;;;;;X
;;81. CCR-21                        52        2C      drying room W;SN;40;;;35-40;;22.09.2022;35;"002523 000000
264
68";22.09.2022;A5CX;1;;;C22 455 081;LC+XT;;X;;;;;;;;;;;;;;;;;;;;;;;;;;;;;X;;;;;;;;;;;;;;;;;;;;;;;;;;;;;;;;;;;;X
;;82. CCR-21                        43        2       office-12;SN;40;;;35-40;;22.09.2022;35;"042523 000000
26  4
48";22.09.2022;A5CX;1;;;C22 455 082;LC+XT;;X;;;;;;;;;;;;;;;;;;;;;;;;;;;;;X;;;;;;;;;;;;;;;;;;;;;;;;;;;;;;;;;;;;;X
;;83. CCR-21                        44        2       office-13;SN;40;;;35-40;;22.09.2022;35;"022523 000000
268
68";22.09.2022;A5CX;1;;;C22 455 083;LC+XT;;X;;;;;;;;;;;;;;;;;;;;;;;;;;;;;X;;;;;;;;;;;;;;;;;;;;;;;;;;;;;;;;;;;;;;X
;;84. CCR-21                        45        2       office -14;SN;40;;;35-40;;22.09.2022;35;"042523 000000
266
88";22.09.2022;A5CX;1;;;C22 455 084;LC+XT;;X;;;;;;;;;;;;;;;;;;;;;;;;;;;;;X;;;;;;;;;;;;;;;;;;;;;;;;;;;;;;;;;;;;;;;X
;;85. CCR-21                        46        2       office-15;SN;40;;;35-40;;22.09.2022;35;"002523 000000
26 7
68";22.09.2022;A5CX;1;;;C22 455 085;LC+XT;;X;;;;;;;;;;;;;;;;;;;;;;;;;;;;;X;;;;;;;;;;;;;;;;;;;;;;;;;;;;;;;;;;;;;;;;X
;;86. CCR-21                        47        16      office-16;SN;40;;;35-40;;22.09.2022;35;"042523 000000
264
88";22.09.2022;A5CX;1;;;C22 455 086;LC+XT;;X;;;;;;;;;;;;;;;;;;;;;;;;;;;;;X;;;;;;;;;;;;;;;;;;;;;;;;;;;;;;;;;;;;;;;;;X
;;87. CCR-21                        48        11      OTS Room;SN;40;;;35-40;;22.09.2022;35;"042523 000000
264
88";22.09.2022;A5CX;1;;;C22 455 087;LC+XT;;X;;;;;;;;;;;;;;;;;;;;;;;;;;;;;X;;;;;;;;;;;;;;;;;;;;;;;;;;;;;;;;;;;;;;;;;X
;;88. CCR-21                        49        13      Battery room;SN;9;;;35-9;;22.09.2022;35;"022523 000000
268
88";22.09.2022;A5CX;1;;;C22 455 088;LCJ+XT;;X;;;;;;;;;;;;;;;;;;;;;;;;;;;;;X;;;;;;;;;;;;;;;;;;;;;;;;;;;;;;;;;;;;;;;;;;X
;;89. LABORATORY BUILDING LB-41     1         1       Conference room;SN;40;;;35-40;;22.09.2022;35;"002523 000000
2647
  6";22.09.2022;A5EX;1;;;C22 455 089;LC+XT;;X;;;;;;;;;;;;;;;;;;;;;;;;;;;;;;;;;;;;;;;;;;;;;;;;;;;;;;;;;;;;;;;;;;;;;;;;X;X
;;90. LABORATORY BUILDING LB-41     2         3,6     Air Lock-1;SN;9;;;35-9;;22.09.2022;35;"002523 000000
224
866";22.09.2022;A5EX;2;;;C22 455 090;LCJ+XT;;X;;;;;;;;;;;;;;;;;;;;;;;;;;;;;;;;;;;;;;;;;;;;;;;;;;;;;;;;;;;;;;;;;;;;;;;;X;;X
;;91. LABORATORY BUILDING LB-41     17        3,6     Air Lock-2;SN;9;;;35-9;;22.09.2022;35;"002523 000000
224
866";22.09.2022;A5EX;2;;;C22 455 091;LCJ+XT;;X;;;;;;;;;;;;;;;;;;;;;;;;;;;;;;;;;;;;;;;;;;;;;;;;;;;;;;;;;;;;;;;;;;;;;;;;X;;X
;;92. LABORATORY BUILDING LB-41     40        9A, 11  AIR Lock-3;SN;9;;;35-9;;22.09.2022;35;"002523 000000
224
866";22.09.2022;A5EX;2;;;C22 455 092;LCJ+XT;;X;;;;;;;;;;;;;;;;;;;;;;;;;;;;;;;;;;;;;;;;;;;;;;;;;;;;;;;;;;;;;;;;;;;;;;;;X;;X
;;93. LABORATORY BUILDING LB-41     3         1       Office room-1;SN;40;;;35-40;;22.09.2022;35;"002523 000000
2647
4";22.09.2022;A5EX;1;;;C22 455 093;LC+XT;;X;;;;;;;;;;;;;;;;;;;;;;;;;;;;;;;;;;;;;;;;;;;;;;;;;;;;;;;;;;;;;;;;;;;;;;;;X;;;X
;;94. LABORATORY BUILDING LB-41     4         1       Office room-2;SN;40;;;35-40;;22.09.2022;35;"002523 000000
264 4
6";22.09.2022;A5EX;1;;;C22 455 094;LC+XT;;X;;;;;;;;;;;;;;;;;;;;;;;;;;;;;;;;;;;;;;;;;;;;;;;;;;;;;;;;;;;;;;;;;;;;;;;;X;;;;X
;;95. LABORATORY BUILDING LB-41     5         1       Office room-3;SN;40;;;35-40;;22.09.2022;35;"002523 000000
244
466";22.09.2022;A5EX;1;;;C22 455 095;LC+XT;;X;;;;;;;;;;;;;;;;;;;;;;;;;;;;;;;;;;;;;;;;;;;;;;;;;;;;;;;;;;;;;;;;;;;;;;;;X;;;;;X
;;96. LABORATORY BUILDING LB-41     6         1       Locker room(20 females);SN;40;;;35-40;;22.09.2022;35;"002523 000000
224
666";22.09.2022;A5EX;1;;;C22 455 096;LC+XT;;X;;;;;;;;;;;;;;;;;;;;;;;;;;;;;;;;;;;;;;;;;;;;;;;;;;;;;;;;;;;;;;;;;;;;;;;;X;;;;;;X
;;97. LABORATORY BUILDING LB-41     7         4       Shower;SN;40;;;35-40;;22.09.2022;35;"002523 000000
224
666";22.09.2022;A5EX;2;;;C22 455 097;LC+XT;;X;;;;;;;;;;;;;;;;;;;;;;;;;;;;;;;;;;;;;;;;;;;;;;;;;;;;;;;;;;;;;;;;;;;;;;;;X;;;;;;X
;;98. LABORATORY BUILDING LB-41     8         1       Locker room (20 females);SN;40;;;35-40;;22.09.2022;35;"002523 000000
224
666";22.09.2022;A5EX;1;;;C22 455 098;LC+XT;;X;;;;;;;;;;;;;;;;;;;;;;;;;;;;;;;;;;;;;;;;;;;;;;;;;;;;;;;;;;;;;;;;;;;;;;;;X;;;;;;X
;;99. LABORATORY BUILDING LB-41     9         1       Locker room (5 males);SN;40;;;35-40;;22.09.2022;35;"002523 000000
224
466";22.09.2022;A5EX;1;;;C22 455 099;LC+XT;;X;;;;;;;;;;;;;;;;;;;;;;;;;;;;;;;;;;;;;;;;;;;;;;;;;;;;;;;;;;;;;;;;;;;;;;;;X;;;;;;;X
;;100.LABORATORY BUILDING LB-41     10        4       Shower;SN;40;;;35-40;;22.09.2022;35;"002523 000000
224
466";22.09.2022;A5EX;2;;;C22 455 100;LC+XT;;X;;;;;;;;;;;;;;;;;;;;;;;;;;;;;;;;;;;;;;;;;;;;;;;;;;;;;;;;;;;;;;;;;;;;;;;;X;;;;;;;X
;;101.LABORATORY BUILDING LB-41     11        1       Locker room (5 males);SN;40;;;35-40;;22.09.2022;35;"002523 000000
224
466";22.09.2022;A5EX;1;;;C22 455 101;LC+XT;;X;;;;;;;;;;;;;;;;;;;;;;;;;;;;;;;;;;;;;;;;;;;;;;;;;;;;;;;;;;;;;;;;;;;;;;;;X;;;;;;;X
;;102.LABORATORY BUILDING LB-41     12        4,5     Toliet;SN;40;;;35-40;;22.09.2022;35;"002523 000000
244
468";22.09.2022;A5EX;2;;;C22 455 102;LC+XT;;X;;;;;;;;;;;;;;;;;;;;;;;;;;;;;;;;;;;;;;;;;;;;;;;;;;;;;;;;;;;;;;;;;;;;;;;;X;;;;;;;;X
;;103.LABORATORY BUILDING LB-41     13        4,5     Toilet;SN;40;;;35-40;;22.09.2022;35;"002523 000000
2647
6";22.09.2022;A5EX;2;;;C22 455 103;LC+XT;;X;;;;;;;;;;;;;;;;;;;;;;;;;;;;;;;;;;;;;;;;;;;;;;;;;;;;;;;;;;;;;;;;;;;;;;;;X;;;;;;;;;X
;;104.LABORATORY BUILDING LB-41     14        1A      Dining room;SN;40;;;35-40;;22.09.2022;35;"002523 000000
2247
 6";22.09.2022;A5EX;1;;;C22 455 104;LC+XT;;X;;;;;;;;;;;;;;;;;;;;;;;;;;;;;;;;;;;;;;;;;;;;;;;;;;;;;;;;;;;;;;;;;;;;;;;;X;;;;;;;;;;X
;;105.LABORATORY BUILDING LB-41     15        1       Calculation room;SN;40;;;35-40;;22.09.2022;35;"002523 000000
244
666";22.09.2022;A5EX;1;;;C22 455 105;LC+XT;;X;;;;;;;;;;;;;;;;;;;;;;;;;;;;;;;;;;;;;;;;;;;;;;;;;;;;;;;;;;;;;;;;;;;;;;;;X;;;;;;;;;;;X
;;106.LABORATORY BUILDING LB-41     16        2A      Glass and access storage;SN;9;;;35-9;;22.09.2022;35;"002523 000000
224
668";22.09.2022;A5EX;1;;;C22 455 106;LCJ+XT;;X;;;;;;;;;;;;;;;;;;;;;;;;;;;;;;;;;;;;;;;;;;;;;;;;;;;;;;;;;;;;;;;;;;;;;;;;X;;;;;;;;;;;;X
;;107.LABORATORY BUILDING LB-41     18        7       Corridor-1;SN;9;;;35-9;;22.09.2022;35;"002523 000000
244
866";22.09.2022;A5EX;1;;;C22 455 107;LCJ+XT;;X;;;;;;;;;;;;;;;;;;;;;;;;;;;;;;;;;;;;;;;;;;;;;;;;;;;;;;;;;;;;;;;;;;;;;;;;X;;;;;;;;;;;;;X
;;108.LABORATORY BUILDING LB-41     19        2       PDH Analysis room;SN;9;;;35-9;;22.09.2022;35;"002523 000000
264 4
  8";22.09.2022;A5EX;1;;;C22 455 108;LCJ+XT;;X;;;;;;;;;;;;;;;;;;;;;;;;;;;;;;;;;;;;;;;;;;;;;;;;;;;;;;;;;;;;;;;;;;;;;;;;X;;;;;;;;;;;;;;X
;;109.LABORATORY BUILDING LB-41     19, 20    1       PDH Washing room;SN;40;;;35-40;;22.09.2022;35;"002523 000000
264
486";22.09.2022;A5EX;1;;;C22 455 109;LC+XT;;X;;;;;;;;;;;;;;;;;;;;;;;;;;;;;;;;;;;;;;;;;;;;;;;;;;;;;;;;;;;;;;;;;;;;;;;;X;;;;;;;;;;;;;;;X
;;110.LABORATORY BUILDING LB-41     19, 21    1       PDH Balance room;SN;40;;;35-40;;22.09.2022;35;"002523 000000
2647
 8";22.09.2022;A5EX;1;;;C22 455 110;LC+XT;;X;;;;;;;;;;;;;;;;;;;;;;;;;;;;;;;;;;;;;;;;;;;;;;;;;;;;;;;;;;;;;;;;;;;;;;;;X;;;;;;;;;;;;;;;;X
;;111.LABORATORY BUILDING LB-41     21        2       PDH Balance room;SN;9;;;35-9;;22.09.2022;35;"002523 000000
264 4
  6";22.09.2022;A5EX;1;;;C22 455 111;LCJ+XT;;X;;;;;;;;;;;;;;;;;;;;;;;;;;;;;;;;;;;;;;;;;;;;;;;;;;;;;;;;;;;;;;;;;;;;;;;;X;;;;;;;;;;;;;;;;;X
;;112.LABORATORY BUILDING LB-41     20, 22    1       XYLENE Room;SN;40;;;35-40;;22.09.2022;35;"002523 000000
264 6
6";22.09.2022;A5EX;1;;;C22 455 112;LC+XT;;X;;;;;;;;;;;;;;;;;;;;;;;;;;;;;;;;;;;;;;;;;;;;;;;;;;;;;;;;;;;;;;;;;;;;;;;;X;;;;;;;;;;;;;;;;;;X
;;113.LABORATORY BUILDING LB-41     22, 24    1       PP Analysis room;SN;40;;;35-40;;22.09.2022;35;"002523 000000
244
868";22.09.2022;A5EX;1;;;C22 455 113;LC+XT;;X;;;;;;;;;;;;;;;;;;;;;;;;;;;;;;;;;;;;;;;;;;;;;;;;;;;;;;;;;;;;;;;;;;;;;;;;X;;;;;;;;;;;;;;;;;;;X
;;114.LABORATORY BUILDING LB-41     24        2       PP Washing room;SN;9;;;35-9;;22.09.2022;35;"002523 000000
264
488";22.09.2022;A5EX;1;;;C22 455 114;LCJ+XT;;X;;;;;;;;;;;;;;;;;;;;;;;;;;;;;;;;;;;;;;;;;;;;;;;;;;;;;;;;;;;;;;;;;;;;;;;;X;;;;;;;;;;;;;;;;;;;;X
;;115.LABORATORY BUILDING LB-41     24,25     1       PP Balance room;SN;40;;;35-40;;22.09.2022;35;"002523 000000
224
468";22.09.2022;A5EX;1;;;C22 455 115;LC+XT;;X;;;;;;;;;;;;;;;;;;;;;;;;;;;;;;;;;;;;;;;;;;;;;;;;;;;;;;;;;;;;;;;;;;;;;;;;X;;;;;;;;;;;;;;;;;;;;;X
;;116.LABORATORY BUILDING LB-41     22, 25    1       XYLENE Room/PP Balance Room;SN;40;;;35-40;;22.09.2022;35;"002523 000000
2447
 6";22.09.2022;A5EX;1;;;C22 455 116;LC+XT;;X;;;;;;;;;;;;;;;;;;;;;;;;;;;;;;;;;;;;;;;;;;;;;;;;;;;;;;;;;;;;;;;;;;;;;;;;X;;;;;;;;;;;;;;;;;;;;;;X
;;117.LABORATORY BUILDING LB-41     25, 23    1       PP Balance room/PP Analysis Room;SN;40;;;35-40;;22.09.2022;35;"002523 000000
224
868";22.09.2022;A5EX;1;;;C22 455 117;LC+XT;;X;;;;;;;;;;;;;;;;;;;;;;;;;;;;;;;;;;;;;;;;;;;;;;;;;;;;;;;;;;;;;;;;;;;;;;;;X;;;;;;;;;;;;;;;;;;;;;;;X
;;118.LABORATORY BUILDING LB-41     26        2       Sample storage room;SN;9;;;35-9;;22.09.2022;35;"002523 000000
264 4
 8";22.09.2022;A5EX;1;;;C22 455 118;LCJ+XT;;X;;;;;;;;;;;;;;;;;;;;;;;;;;;;;;;;;;;;;;;;;;;;;;;;;;;;;;;;;;;;;;;;;;;;;;;;X;;;;;;;;;;;;;;;;;;;;;;;;X
;;119.LABORATORY BUILDING LB-41     27        8,1     PP Sample preparation and processing room;SN;9;;;35-9;;22.09.2022;35;"000523 000000
262 4
  4";22.09.2022;A5EX;2;;;C22 455 119;LCJ+XT;;X;;;;;;;;;;;;;;;;;;;;;;;;;;;;;;;;;;;;;;;;;;;;;;;;;;;;;;;;;;;;;;;;;;;;;;;;X;;;;;;;;;;;;;;;;;;;;;;;;;X
;;120.LABORATORY BUILDING LB-41     23, 27    1       PP Washing room/PP Sample Preparation;SN;40;;;35-40;;22.09.2022;35;"002523 000000
244 6
 6";22.09.2022;A5EX;1;;;C22 455 120;LC+XT;;X;;;;;;;;;;;;;;;;;;;;;;;;;;;;;;;;;;;;;;;;;;;;;;;;;;;;;;;;;;;;;;;;;;;;;;;;X;;;;;;;;;;;;;;;;;;;;;;;;;;X
;;121.LABORATORY BUILDING LB-41     28        2       PDH Instrumental room;SN;9;;;35-9;;22.09.2022;35;"002523 000000
264
686";22.09.2022;A5EX;1;;;C22 455 121;LCJ+XT;;X;;;;;;;;;;;;;;;;;;;;;;;;;;;;;;;;;;;;;;;;;;;;;;;;;;;;;;;;;;;;;;;;;;;;;;;;X;;;;;;;;;;;;;;;;;;;;;;;;;;;X
;;122.LABORATORY BUILDING LB-41     29        2       NMR Room;SN;9;;;35-9;;22.09.2022;35;"002523 000000
244
668";22.09.2022;A5EX;1;;;C22 455 122;LCJ+XT;;X;;;;;;;;;;;;;;;;;;;;;;;;;;;;;;;;;;;;;;;;;;;;;;;;;;;;;;;;;;;;;;;;;;;;;;;;X;;;;;;;;;;;;;;;;;;;;;;;;;;;;X
;;123.LABORATORY BUILDING LB-41     28, 29    1       PDH Instrumental room/NMR Room;SN;40;;;35-40;;22.09.2022;35;"000523 000000
262 6
  4";22.09.2022;A5EX;1;;;C22 455 123;LC+XT;;X;;;;;;;;;;;;;;;;;;;;;;;;;;;;;;;;;;;;;;;;;;;;;;;;;;;;;;;;;;;;;;;;;;;;;;;;X;;;;;;;;;;;;;;;;;;;;;;;;;;;;;X
;;124.LABORATORY BUILDING LB-41     30        2       GC Room;SN;9;;;35-9;;22.09.2022;35;"002523 000000
2647
  8";22.09.2022;A5EX;1;;;C22 455 124;LCJ+XT;;X;;;;;;;;;;;;;;;;;;;;;;;;;;;;;;;;;;;;;;;;;;;;;;;;;;;;;;;;;;;;;;;;;;;;;;;;X;;;;;;;;;;;;;;;;;;;;;;;;;;;;;;X
;;125.LABORATORY BUILDING LB-41     29, 30    1       NMR Room/GC Room;SN;40;;;35-40;;22.09.2022;35;"002523 000000
2647
8";22.09.2022;A5EX;1;;;C22 455 125;LC+XT;;X;;;;;;;;;;;;;;;;;;;;;;;;;;;;;;;;;;;;;;;;;;;;;;;;;;;;;;;;;;;;;;;;;;;;;;;;X;;;;;;;;;;;;;;;;;;;;;;;;;;;;;;;X
;;126.LABORATORY BUILDING LB-41     31        2B, 9   INTAKE Sample room;SN;9;;;35-9;;22.09.2022;35;"002523 000000
264
886";22.09.2022;A5EX;2;;;C22 455 126;LCJ+XT;;X;;;;;;;;;;;;;;;;;;;;;;;;;;;;;;;;;;;;;;;;;;;;;;;;;;;;;;;;;;;;;;;;;;;;;;;;X;;;;;;;;;;;;;;;;;;;;;;;;;;;;;;;;X
;;127.LABORATORY BUILDING LB-41     32        2       X-RAY Room;SN;9;;;35-9;;22.09.2022;35;"002523 000000
264 4
4";22.09.2022;A5EX;1;;;C22 455 127;LCJ+XT;;X;;;;;;;;;;;;;;;;;;;;;;;;;;;;;;;;;;;;;;;;;;;;;;;;;;;;;;;;;;;;;;;;;;;;;;;;X;;;;;;;;;;;;;;;;;;;;;;;;;;;;;;;;;X
;;128.LABORATORY BUILDING LB-41     33        2       Constant temperature/Humidity room;SN;9;;;35-9;;22.09.2022;35;"002523 000000
264
688";22.09.2022;A5EX;1;;;C22 455 128;LCJ+XT;;X;;;;;;;;;;;;;;;;;;;;;;;;;;;;;;;;;;;;;;;;;;;;;;;;;;;;;;;;;;;;;;;;;;;;;;;;X;;;;;;;;;;;;;;;;;;;;;;;;;;;;;;;;;;X
;;129.LABORATORY BUILDING LB-41     32, 33    1       X-RAY Room/Constant temperature/Humidity room;SN;40;;;35-40;;22.09.2022;35;"002523 000000
264 4
8";22.09.2022;A5EX;1;;;C22 455 129;LC+XT;;X;;;;;;;;;;;;;;;;;;;;;;;;;;;;;;;;;;;;;;;;;;;;;;;;;;;;;;;;;;;;;;;;;;;;;;;;X;;;;;;;;;;;;;;;;;;;;;;;;;;;;;;;;;;;X
;;130.LABORATORY BUILDING LB-41     34        2       Chemical storage room;SN;9;;;35-9;;22.09.2022;35;"002523 000000
224 4
 6";22.09.2022;A5EX;1;;;C22 455 130;LCJ+XT;;X;;;;;;;;;;;;;;;;;;;;;;;;;;;;;;;;;;;;;;;;;;;;;;;;;;;;;;;;;;;;;;;;;;;;;;;;X;;;;;;;;;;;;;;;;;;;;;;;;;;;;;;;;;;;;X
;;131.LABORATORY BUILDING LB-41     35        9       HVAC Room;SN;9;;;35-9;;22.09.2022;35;"002523 000000
244 4
 6";22.09.2022;A5EX;1;;;C22 455 131;LCJ+XT;;X;;;;;;;;;;;;;;;;;;;;;;;;;;;;;;;;;;;;;;;;;;;;;;;;;;;;;;;;;;;;;;;;;;;;;;;;X;;;;;;;;;;;;;;;;;;;;;;;;;;;;;;;;;;;;;X
;;132.LABORATORY BUILDING LB-41     36        9       ELEC. Room;SN;9;;;35-9;;22.09.2022;35;"002523 000000
264 6
4";22.09.2022;A5EX;1;;;C22 455 132;LCJ+XT;;X;;;;;;;;;;;;;;;;;;;;;;;;;;;;;;;;;;;;;;;;;;;;;;;;;;;;;;;;;;;;;;;;;;;;;;;;X;;;;;;;;;;;;;;;;;;;;;;;;;;;;;;;;;;;;;;X
;;.   WORKSHOP AND OFFICE WS-42     16        1, 17   Air Lock;SN;9;;;35-9;;22.09.2022;35;"002523 000000
 6478";22.09.2022;A5AX;2;;;C22 455 133;LCJ+XT;;X;;;;;;;;;;;;;;;;;;;;;;;;;;;;;;;;;;;;;;;;;;;;;;;;;;;;;;;;;;;;;;;;;;;;;;;;;;;;;;;;;;;;;;;;;;;;;;;;;;;;;;;;;;;;;;;X;X
;;133.WORKSHOP AND OFFICE WS-42     1         13      UPS Room;SN;40;;;35-40;;22.09.2022;35;"002323 000000
 2 56
 6 7";22.09.2022;A5AX;1;;;C22 455 134;LC+XT;;X;;;;;;;;;;;;;;;;;;;;;;;;;;;;;;;;;;;;;;;;;;;;;;;;;;;;;;;;;;;;;;;;;;;;;;;;;;;;;;;;;;;;;;;;;;;;;;;;;;;;;;;;;;;;;;;X;;X
;;.   WORKSHOP AND OFFICE WS-42     20        4       Cable Tray Room;SN;40;;;35-40;;22.09.2022;35;"002523 000000
8667";22.09.2022;A5AX;1;;;C22 455 135;LC+XT;;X;;;;;;;;;;;;;;;;;;;;;;;;;;;;;;;;;;;;;;;;;;;;;;;;;;;;;;;;;;;;;;;;;;;;;;;;;;;;;;;;;;;;;;;;;;;;;;;;;;;;;;;;;;;;;;;X;;;X
;;.   WORKSHOP AND OFFICE WS-42     21        5       Telecomunication and security room;SN;40;;;35-40;;22.09.2022;35;"002523 000000
8667";22.09.2022;A5AX;1;;;C22 455 136;LC+XT;;X;;;;;;;;;;;;;;;;;;;;;;;;;;;;;;;;;;;;;;;;;;;;;;;;;;;;;;;;;;;;;;;;;;;;;;;;;;;;;;;;;;;;;;;;;;;;;;;;;;;;;;;;;;;;;;;X;;;X
;;134.WORKSHOP AND OFFICE WS-42     2         9, 8A   Corridor;SN;9;;;35-9;;22.09.2022;35;"002523 000000
86 74";22.09.2022;A5AX;2;;;C22 455 137;LCJ+XT;;X;;;;;;;;;;;;;;;;;;;;;;;;;;;;;;;;;;;;;;;;;;;;;;;;;;;;;;;;;;;;;;;;;;;;;;;;;;;;;;;;;;;;;;;;;;;;;;;;;;;;;;;;;;;;;;;X;;;;X
;;135.WORKSHOP AND OFFICE WS-42     3         4B      Drying room;SN;40;;;35-40;;22.09.2022;35;"002523 000000
2667";22.09.2022;A5AX;1;;;C22 455 138;LC+XT;;X;;;;;;;;;;;;;;;;;;;;;;;;;;;;;;;;;;;;;;;;;;;;;;;;;;;;;;;;;;;;;;;;;;;;;;;;;;;;;;;;;;;;;;;;;;;;;;;;;;;;;;;;;;;;;;;X;;;;;X
;;136.WORKSHOP AND OFFICE WS-42     4         4B      Locker room (M);SN;9;;;35-9;;22.09.2022;35;"002523 000000
2667";22.09.2022;A5AX;2;;;C22 455 139;LCJ+XT;;X;;;;;;;;;;;;;;;;;;;;;;;;;;;;;;;;;;;;;;;;;;;;;;;;;;;;;;;;;;;;;;;;;;;;;;;;;;;;;;;;;;;;;;;;;;;;;;;;;;;;;;;;;;;;;;;X;;;;;X
;;.   WORKSHOP AND OFFICE WS-42     6         11      Shower&toilet;SN;40;;;35-40;;22.09.2022;35;"002523 000000
2667";22.09.2022;A5AX;3;;;C22 455 140;LC+XT;;X;;;;;;;;;;;;;;;;;;;;;;;;;;;;;;;;;;;;;;;;;;;;;;;;;;;;;;;;;;;;;;;;;;;;;;;;;;;;;;;;;;;;;;;;;;;;;;;;;;;;;;;;;;;;;;;X;;;;;X
;;137.WORKSHOP AND OFFICE WS-42     5         9A      Stair CASE-1;SN;9;;;35-9;;22.09.2022;35;"002123 000000
 4 5 5
 6 7";22.09.2022;A5AX;2;;;C22 455 141;LCJ+XT;;X;;;;;;;;;;;;;;;;;;;;;;;;;;;;;;;;;;;;;;;;;;;;;;;;;;;;;;;;;;;;;;;;;;;;;;;;;;;;;;;;;;;;;;;;;;;;;;;;;;;;;;;;;;;;;;;X;;;;;;X
;;139.WORKSHOP AND OFFICE WS-42     7         12      Analyzer calibration station;SN;9;;;35-9;;22.09.2022;35;"002523 000000
86 76";22.09.2022;A5AX;1;;;C22 455 142;LCJ+XT;;X;;;;;;;;;;;;;;;;;;;;;;;;;;;;;;;;;;;;;;;;;;;;;;;;;;;;;;;;;;;;;;;;;;;;;;;;;;;;;;;;;;;;;;;;;;;;;;;;;;;;;;;;;;;;;;;X;;;;;;;X
;;.   WORKSHOP AND OFFICE WS-42     7,8       14      Analyzer calibration station/Instrumentation station;SN;40;;;35-40;;22.09.2022;35;"022523 000000
 66 8";22.09.2022;A5AX;1;;;C22 455 143;LC+XT;;X;;;;;;;;;;;;;;;;;;;;;;;;;;;;;;;;;;;;;;;;;;;;;;;;;;;;;;;;;;;;;;;;;;;;;;;;;;;;;;;;;;;;;;;;;;;;;;;;;;;;;;;;;;;;;;;;;;;;;;;X
;;140.WORKSHOP AND OFFICE WS-42     8         18      Instrumentation station;SN;40;;;35-40;;22.09.2022;35;"002123 000000
 2 5 7
 6 7";22.09.2022;A5AX;1;;;C22 455 144;LC+XT;;X;;;;;;;;;;;;;;;;;;;;;;;;;;;;;;;;;;;;;;;;;;;;;;;;;;;;;;;;;;;;;;;;;;;;;;;;;;;;;;;;;;;;;;;;;;;;;;;;;;;;;;;;;;;;;;;X;;;;;;;;;X
;;141.WORKSHOP AND OFFICE WS-42     9, 10     11      Toilet;SN;40;;;35-40;;22.09.2022;35;"002523 000000
66 78";22.09.2022;A5AX;4;;;C22 455 145;LC+XT;;X;;;;;;;;;;;;;;;;;;;;;;;;;;;;;;;;;;;;;;;;;;;;;;;;;;;;;;;;;;;;;;;;;;;;;;;;;;;;;;;;;;;;;;;;;;;;;;;;;;;;;;;;;;;;;;;X;;;;;;;;;;X
;;143.WORKSHOP AND OFFICE WS-42     11        2B      Dining room;SN;40;;;35-40;;22.09.2022;35;"002123 000000
 4 54
 6 7";22.09.2022;A5AX;1;;;C22 455 146;LC+XT;;X;;;;;;;;;;;;;;;;;;;;;;;;;;;;;;;;;;;;;;;;;;;;;;;;;;;;;;;;;;;;;;;;;;;;;;;;;;;;;;;;;;;;;;;;;;;;;;;;;;;;;;;;;;;;;;;X;;;;;;;;;;;X
;;144.WORKSHOP AND OFFICE WS-42     12        2       Warehouse;SN;40;;;35-40;;22.09.2022;35;"002323 000000
 2 5 5
 6 7";22.09.2022;A5AX;1;;;C22 455 147;LC+XT;;X;;;;;;;;;;;;;;;;;;;;;;;;;;;;;;;;;;;;;;;;;;;;;;;;;;;;;;;;;;;;;;;;;;;;;;;;;;;;;;;;;;;;;;;;;;;;;;;;;;;;;;;;;;;;;;;X;;;;;;;;;;;;X
;;145.WORKSHOP AND OFFICE WS-42     13        2       Tool Shop;SN;40;;;35-40;;22.09.2022;35;"002523 000000
 6674";22.09.2022;A5AX;1;;;C22 455 148;LC+XT;;X;;;;;;;;;;;;;;;;;;;;;;;;;;;;;;;;;;;;;;;;;;;;;;;;;;;;;;;;;;;;;;;;;;;;;;;;;;;;;;;;;;;;;;;;;;;;;;;;;;;;;;;;;;;;;;;X;;;;;;;;;;;;;X
;;146.WORKSHOP AND OFFICE WS-42     14        3       Electrical workshop-2;SN;50;;;35-50;;22.09.2022;35;"002523 000000
 6474";22.09.2022;A5AX;1;;;C22 455 149;LC+XT;;X;;;;;;;;;;;;;;;;;;;;;;;;;;;;;;;;;;;;;;;;;;;;;;;;;;;;;;;;;;;;;;;;;;;;;;;;;;;;;;;;;;;;;;;;;;;;;;;;;;;;;;;;;;;;;;;X;;;;;;;;;;;;;;X
;;147.WORKSHOP AND OFFICE WS-42     15        9A, 9   Staircase-2;SN;9;;;35-9;;22.09.2022;35;"002523 000000
8687";22.09.2022;A5AX;2;;;C22 455 150;LCJ+XT;;X;;;;;;;;;;;;;;;;;;;;;;;;;;;;;;;;;;;;;;;;;;;;;;;;;;;;;;;;;;;;;;;;;;;;;;;;;;;;;;;;;;;;;;;;;;;;;;;;;;;;;;;;;;;;;;;X;;;;;;;;;;;;;;;X
;;149.WORKSHOP AND OFFICE WS-42     17        4B      Warehouse-2;SN;40;;;35-40;;22.09.2022;35;"002523 000000
4647";22.09.2022;A5AX;1;;;C22 455 151;LC+XT;;X;;;;;;;;;;;;;;;;;;;;;;;;;;;;;;;;;;;;;;;;;;;;;;;;;;;;;;;;;;;;;;;;;;;;;;;;;;;;;;;;;;;;;;;;;;;;;;;;;;;;;;;;;;;;;;;X;;;;;;;;;;;;;;;;X
;;150.WORKSHOP AND OFFICE WS-42     18        4B      Warehouse-3;SN;40;;;35-40;;22.09.2022;35;"002523 000000
4647";22.09.2022;A5AX;1;;;C22 455 152;LC+XT;;X;;;;;;;;;;;;;;;;;;;;;;;;;;;;;;;;;;;;;;;;;;;;;;;;;;;;;;;;;;;;;;;;;;;;;;;;;;;;;;;;;;;;;;;;;;;;;;;;;;;;;;;;;;;;;;;X;;;;;;;;;;;;;;;;X
;;151.WORKSHOP AND OFFICE WS-42     19        8       Mechanical Workshop-2;SN;50;;;35-50;;22.09.2022;35;"002523 000000
4647";22.09.2022;A5AX;2;;;C22 455 153;LC+XT;;X;;;;;;;;;;;;;;;;;;;;;;;;;;;;;;;;;;;;;;;;;;;;;;;;;;;;;;;;;;;;;;;;;;;;;;;;;;;;;;;;;;;;;;;;;;;;;;;;;;;;;;;;;;;;;;;X;;;;;;;;;;;;;;;;X
;;154.WORKSHOP AND OFFICE WS-42     22        18A     HVAC Room;SN;40;;;35-40;;22.09.2022;35;"002523 000000
 667 5";22.09.2022;A5AX;1;;;C22 455 154;LC+XT;;X;;;;;;;;;;;;;;;;;;;;;;;;;;;;;;;;;;;;;;;;;;;;;;;;;;;;;;;;;;;;;;;;;;;;;;;;;;;;;;;;;;;;;;;;;;;;;;;;;;;;;;;;;;;;;;;X;;;;;;;;;;;;;;;;;X
;;155.WORKSHOP AND OFFICE WS-42     23        13      Electrical Room;SN;40;;;35-40;;22.09.2022;35;"002123 000000
 2 5 5
 6 7";22.09.2022;A5AX;1;;;C22 455 155;LC+XT;;X;;;;;;;;;;;;;;;;;;;;;;;;;;;;;;;;;;;;;;;;;;;;;;;;;;;;;;;;;;;;;;;;;;;;;;;;;;;;;;;;;;;;;;;;;;;;;;;;;;;;;;;;;;;;;;;X;;;;;;;;;;;;;;;;;;X
;;156.WORKSHOP AND OFFICE WS-42     24        2A, 10  External Service Area;SN;9;;;35-9;;22.09.2022;35;"002523 000000
6687";10.11.2022;A5AX;1;;;C22 455 156;LCJ+XT;;X;;;;;;;;;;;;;;;;;;;;;;;;;;;;;;;;;;;;;;;;;;;;;;;;;;;;;;;;;;;;;;;;;;;;;;;;;;;;;;;;;;;;;;;;;;;;;;;;;;;;;;;;;;;;;;;X;;;;;;;;;;;;;;;;;;;X
;;156.WORKSHOP AND OFFICE WS-42     24        2A, 10  External Service Area;SN;40;;;35-40;;10.11.2022;35;"002523 000000
6687";10.11.2022;A5AX;1;;;C22 455 156;LC+XT;;X;;;;;;;;;;;;;;;;;;;;;;;;;;;;;;;;;;;;;;;;;;;;;;;;;;;;;;;;;;;;;;;;;;;;;;;;;;;;;;;;;;;;;;;;;;;;;;;;;;;;;;;;;;;;;;;X;;;;;;;;;;;;;;;;;;;X
;;157.WORKSHOP AND OFFICE WS-42     25        2A, 10  External Service Area;SN;9;;;35-9;;22.09.2022;35;"002323 000000
 2 5 7
 6 7";10.11.2022;A5AX;1;;;C22 455 157;LCJ+XT;;X;;;;;;;;;;;;;;;;;;;;;;;;;;;;;;;;;;;;;;;;;;;;;;;;;;;;;;;;;;;;;;;;;;;;;;;;;;;;;;;;;;;;;;;;;;;;;;;;;;;;;;;;;;;;;;;X;;;;;;;;;;;;;;;;;;;;X
;;157.WORKSHOP AND OFFICE WS-42     25        2A, 10  External Service Area;SN;40;;;35-40;;10.11.2022;35;"002323 000000
 2 5 7
 6 7";10.11.2022;A5AX;1;;;C22 455 157;LC+XT;;X;;;;;;;;;;;;;;;;;;;;;;;;;;;;;;;;;;;;;;;;;;;;;;;;;;;;;;;;;;;;;;;;;;;;;;;;;;;;;;;;;;;;;;;;;;;;;;;;;;;;;;;;;;;;;;;X;;;;;;;;;;;;;;;;;;;;X
;;158.WORKSHOP AND OFFICE WS-42     26        2A, 10  External Service Area;SN;9;;;35-9;;22.09.2022;35;"002323 000000
 2 58
 6 7";10.11.2022;A5AX;1;;;C22 455 158;LCJ+XT;;X;;;;;;;;;;;;;;;;;;;;;;;;;;;;;;;;;;;;;;;;;;;;;;;;;;;;;;;;;;;;;;;;;;;;;;;;;;;;;;;;;;;;;;;;;;;;;;;;;;;;;;;;;;;;;;;X;;;;;;;;;;;;;;;;;;;;;X
;;158.WORKSHOP AND OFFICE WS-42     26        2A, 10  External Service Area;SN;40;;;35-40;;10.11.2022;35;"002323 000000
 2 58
 6 7";10.11.2022;A5AX;1;;;C22 455 158;LC+XT;;X;;;;;;;;;;;;;;;;;;;;;;;;;;;;;;;;;;;;;;;;;;;;;;;;;;;;;;;;;;;;;;;;;;;;;;;;;;;;;;;;;;;;;;;;;;;;;;;;;;;;;;;;;;;;;;;X;;;;;;;;;;;;;;;;;;;;;X
;;159.WORKSHOP AND OFFICE WS-42     27        3A, 10  External Service Area;SN;9;;;35-9;;22.09.2022;35;"002523 000000
 6874";10.11.2022;A5AX;1;;;C22 455 159;LCJ+XT;;X;;;;;;;;;;;;;;;;;;;;;;;;;;;;;;;;;;;;;;;;;;;;;;;;;;;;;;;;;;;;;;;;;;;;;;;;;;;;;;;;;;;;;;;;;;;;;;;;;;;;;;;;;;;;;;;X;;;;;;;;;;;;;;;;;;;;;;X
;;159.WORKSHOP AND OFFICE WS-42     27        3A, 10  External Service Area;SN;40;;;35-40;;10.11.2022;35;"002523 000000
 6874";10.11.2022;A5AX;1;;;C22 455 159;LC+XT;;X;;;;;;;;;;;;;;;;;;;;;;;;;;;;;;;;;;;;;;;;;;;;;;;;;;;;;;;;;;;;;;;;;;;;;;;;;;;;;;;;;;;;;;;;;;;;;;;;;;;;;;;;;;;;;;;X;;;;;;;;;;;;;;;;;;;;;;X
;;163.WORKSHOP AND OFFICE WS-42     31        4       Warehouse-4;SN;40;;;35-40;;22.09.2022;35;"002523 000000
 687 5";22.09.2022;A5AX;1;;;C22 455 160;LC+XT;;X;;;;;;;;;;;;;;;;;;;;;;;;;;;;;;;;;;;;;;;;;;;;;;;;;;;;;;;;;;;;;;;;;;;;;;;;;;;;;;;;;;;;;;;;;;;;;;;;;;;;;;;;;;;;;;;X;;;;;;;;;;;;;;;;;;;;;;;X
;;165.WORKSHOP AND OFFICE WS-42     33        4       Warehouse-5;SN;40;;;35-40;;22.09.2022;35;"002523 000000
66 74";22.09.2022;A5AX;1;;;C22 455 161;LC+XT;;X;;;;;;;;;;;;;;;;;;;;;;;;;;;;;;;;;;;;;;;;;;;;;;;;;;;;;;;;;;;;;;;;;;;;;;;;;;;;;;;;;;;;;;;;;;;;;;;;;;;;;;;;;;;;;;;X;;;;;;;;;;;;;;;;;;;;;;;;X
;;167.WORKSHOP AND OFFICE WS-42     35        4       Warehouse-6;SN;40;;;35-40;;22.09.2022;35;"002523 000000
 6 765";22.09.2022;A5AX;1;;;C22 455 162;LC+XT;;X;;;;;;;;;;;;;;;;;;;;;;;;;;;;;;;;;;;;;;;;;;;;;;;;;;;;;;;;;;;;;;;;;;;;;;;;;;;;;;;;;;;;;;;;;;;;;;;;;;;;;;;;;;;;;;;X;;;;;;;;;;;;;;;;;;;;;;;;;X
;;168.WORKSHOP AND OFFICE WS-42     36        4       Warehouse-7;SN;40;;;35-40;;22.09.2022;35;"002523 000000
 6876";22.09.2022;A5AX;1;;;C22 455 163;LC+XT;;X;;;;;;;;;;;;;;;;;;;;;;;;;;;;;;;;;;;;;;;;;;;;;;;;;;;;;;;;;;;;;;;;;;;;;;;;;;;;;;;;;;;;;;;;;;;;;;;;;;;;;;;;;;;;;;;X;;;;;;;;;;;;;;;;;;;;;;;;;;X
;;169.WORKSHOP AND OFFICE WS-42     51        4       Office Room-1;SN;40;;;35-40;;22.09.2022;35;"002123 000000
 2 56
 6 7";22.09.2022;A5AX;1;;;C22 455 164;LC+XT;;X;;;;;;;;;;;;;;;;;;;;;;;;;;;;;;;;;;;;;;;;;;;;;;;;;;;;;;;;;;;;;;;;;;;;;;;;;;;;;;;;;;;;;;;;;;;;;;;;;;;;;;;;;;;;;;;X;;;;;;;;;;;;;;;;;;;;;;;;;;;X
;;170.WORKSHOP AND OFFICE WS-42     52        4       Office Room-2;SN;40;;;35-40;;22.09.2022;35;"002503 000000
 6 725";22.09.2022;A5AX;1;;;C22 455 165;LC+XT;;X;;;;;;;;;;;;;;;;;;;;;;;;;;;;;;;;;;;;;;;;;;;;;;;;;;;;;;;;;;;;;;;;;;;;;;;;;;;;;;;;;;;;;;;;;;;;;;;;;;;;;;;;;;;;;;;X;;;;;;;;;;;;;;;;;;;;;;;;;;;;X
;;171.WORKSHOP AND OFFICE WS-42     53        4       Office Room-3;SN;40;;;35-40;;22.09.2022;35;"002523 000000
86 78";22.09.2022;A5AX;1;;;C22 455 166;LC+XT;;X;;;;;;;;;;;;;;;;;;;;;;;;;;;;;;;;;;;;;;;;;;;;;;;;;;;;;;;;;;;;;;;;;;;;;;;;;;;;;;;;;;;;;;;;;;;;;;;;;;;;;;;;;;;;;;;X;;;;;;;;;;;;;;;;;;;;;;;;;;;;;X
;;172.WORKSHOP AND OFFICE WS-42     54        4       Office Room-4;SN;40;;;35-40;;22.09.2022;35;"002323 000000
 4 58
 6 7";22.09.2022;A5AX;1;;;C22 455 167;LC+XT;;X;;;;;;;;;;;;;;;;;;;;;;;;;;;;;;;;;;;;;;;;;;;;;;;;;;;;;;;;;;;;;;;;;;;;;;;;;;;;;;;;;;;;;;;;;;;;;;;;;;;;;;;;;;;;;;;X;;;;;;;;;;;;;;;;;;;;;;;;;;;;;;X
;;173.WORKSHOP AND OFFICE WS-42     55        4       Office Room-5;SN;40;;;35-40;;22.09.2022;35;"002123 000000
 2 54
 6 7";22.09.2022;A5AX;1;;;C22 455 168;LC+XT;;X;;;;;;;;;;;;;;;;;;;;;;;;;;;;;;;;;;;;;;;;;;;;;;;;;;;;;;;;;;;;;;;;;;;;;;;;;;;;;;;;;;;;;;;;;;;;;;;;;;;;;;;;;;;;;;;X;;;;;;;;;;;;;;;;;;;;;;;;;;;;;;;X
;;174.WORKSHOP AND OFFICE WS-42     56        4       Office Room-6;SN;40;;;35-40;;22.09.2022;35;"002523 000000
4687";22.09.2022;A5AX;1;;;C22 455 169;LC+XT;;X;;;;;;;;;;;;;;;;;;;;;;;;;;;;;;;;;;;;;;;;;;;;;;;;;;;;;;;;;;;;;;;;;;;;;;;;;;;;;;;;;;;;;;;;;;;;;;;;;;;;;;;;;;;;;;;X;;;;;;;;;;;;;;;;;;;;;;;;;;;;;;;;X
;;175.WORKSHOP AND OFFICE WS-42     57        4       Office Room-7;SN;40;;;35-40;;22.09.2022;35;"002523 000000
46 76";22.09.2022;A5AX;1;;;C22 455 170;LC+XT;;X;;;;;;;;;;;;;;;;;;;;;;;;;;;;;;;;;;;;;;;;;;;;;;;;;;;;;;;;;;;;;;;;;;;;;;;;;;;;;;;;;;;;;;;;;;;;;;;;;;;;;;;;;;;;;;;X;;;;;;;;;;;;;;;;;;;;;;;;;;;;;;;;;X
;;176.WORKSHOP AND OFFICE WS-42     58        4A      Local Archive;SN;40;;;35-40;;22.09.2022;35;"002523 000000
66 7 5";22.09.2022;A5AX;1;;;C22 455 171;LC+XT;;X;;;;;;;;;;;;;;;;;;;;;;;;;;;;;;;;;;;;;;;;;;;;;;;;;;;;;;;;;;;;;;;;;;;;;;;;;;;;;;;;;;;;;;;;;;;;;;;;;;;;;;;;;;;;;;;X;;;;;;;;;;;;;;;;;;;;;;;;;;;;;;;;;;X
;;177.WORKSHOP AND OFFICE WS-42     59        4       Office Room - 8;SN;40;;;35-40;;22.09.2022;35;"002523 000000
26 7 5";22.09.2022;A5AX;1;;;C22 455 172;LC+XT;;X;;;;;;;;;;;;;;;;;;;;;;;;;;;;;;;;;;;;;;;;;;;;;;;;;;;;;;;;;;;;;;;;;;;;;;;;;;;;;;;;;;;;;;;;;;;;;;;;;;;;;;;;;;;;;;;X;;;;;;;;;;;;;;;;;;;;;;;;;;;;;;;;;;;X
;;178.WORKSHOP AND OFFICE WS-42     60        4       Conference Room-1;SN;40;;;35-40;;22.09.2022;35;"002523 000000
 647 5";22.09.2022;A5AX;1;;;C22 455 173;LC+XT;;X;;;;;;;;;;;;;;;;;;;;;;;;;;;;;;;;;;;;;;;;;;;;;;;;;;;;;;;;;;;;;;;;;;;;;;;;;;;;;;;;;;;;;;;;;;;;;;;;;;;;;;;;;;;;;;;X;;;;;;;;;;;;;;;;;;;;;;;;;;;;;;;;;;;;X
;;179.WORKSHOP AND OFFICE WS-42     61        4       Office Room - 9;SN;40;;;35-40;;22.09.2022;35;"002523 000000
66 76";22.09.2022;A5AX;1;;;C22 455 174;LC+XT;;X;;;;;;;;;;;;;;;;;;;;;;;;;;;;;;;;;;;;;;;;;;;;;;;;;;;;;;;;;;;;;;;;;;;;;;;;;;;;;;;;;;;;;;;;;;;;;;;;;;;;;;;;;;;;;;;X;;;;;;;;;;;;;;;;;;;;;;;;;;;;;;;;;;;;;X
;;180.WORKSHOP AND OFFICE WS-42     62        4       Office Room - 10;SN;40;;;35-40;;22.09.2022;35;"002323 000000
 2 54
 6 7";22.09.2022;A5AX;1;;;C22 455 175;LC+XT;;X;;;;;;;;;;;;;;;;;;;;;;;;;;;;;;;;;;;;;;;;;;;;;;;;;;;;;;;;;;;;;;;;;;;;;;;;;;;;;;;;;;;;;;;;;;;;;;;;;;;;;;;;;;;;;;;X;;;;;;;;;;;;;;;;;;;;;;;;;;;;;;;;;;;;;;X
;;181.WORKSHOP AND OFFICE WS-42     63        4       Office Room - 11;SN;40;;;35-40;;22.09.2022;35;"002323 000000
 4 5 5
 6 7";22.09.2022;A5AX;1;;;C22 455 176;LC+XT;;X;;;;;;;;;;;;;;;;;;;;;;;;;;;;;;;;;;;;;;;;;;;;;;;;;;;;;;;;;;;;;;;;;;;;;;;;;;;;;;;;;;;;;;;;;;;;;;;;;;;;;;;;;;;;;;;X;;;;;;;;;;;;;;;;;;;;;;;;;;;;;;;;;;;;;;;X
;;182.WORKSHOP AND OFFICE WS-42     64        4       Office Room - 12;SN;40;;;35-40;;22.09.2022;35;"002523 000000
46 74";22.09.2022;A5AX;1;;;C22 455 177;LC+XT;;X;;;;;;;;;;;;;;;;;;;;;;;;;;;;;;;;;;;;;;;;;;;;;;;;;;;;;;;;;;;;;;;;;;;;;;;;;;;;;;;;;;;;;;;;;;;;;;;;;;;;;;;;;;;;;;;X;;;;;;;;;;;;;;;;;;;;;;;;;;;;;;;;;;;;;;;;X
;;183.WORKSHOP AND OFFICE WS-42     65        4       Office Room - 13;SN;40;;;35-40;;22.09.2022;35;"002323 000000
 4 54
 6 7";22.09.2022;A5AX;1;;;C22 455 178;LC+XT;;X;;;;;;;;;;;;;;;;;;;;;;;;;;;;;;;;;;;;;;;;;;;;;;;;;;;;;;;;;;;;;;;;;;;;;;;;;;;;;;;;;;;;;;;;;;;;;;;;;;;;;;;;;;;;;;;X;;;;;;;;;;;;;;;;;;;;;;;;;;;;;;;;;;;;;;;;;X
;;184.WORKSHOP AND OFFICE WS-42     66        4       Office Room - 14;SN;40;;;35-40;;22.09.2022;35;"002123 000000
 4 5 7
 6 7";22.09.2022;A5AX;1;;;C22 455 179;LC+XT;;X;;;;;;;;;;;;;;;;;;;;;;;;;;;;;;;;;;;;;;;;;;;;;;;;;;;;;;;;;;;;;;;;;;;;;;;;;;;;;;;;;;;;;;;;;;;;;;;;;;;;;;;;;;;;;;;X;;;;;;;;;;;;;;;;;;;;;;;;;;;;;;;;;;;;;;;;;;X
;;185.WORKSHOP AND OFFICE WS-42     67        4       Office room without w permament user-15;SN;40;;;35-40;;22.09.2022;35;"002523 000000
86 7 5";22.09.2022;A5AX;1;;;C22 455 180;LC+XT;;X;;;;;;;;;;;;;;;;;;;;;;;;;;;;;;;;;;;;;;;;;;;;;;;;;;;;;;;;;;;;;;;;;;;;;;;;;;;;;;;;;;;;;;;;;;;;;;;;;;;;;;;;;;;;;;;X;;;;;;;;;;;;;;;;;;;;;;;;;;;;;;;;;;;;;;;;;;;X
;;186.WORKSHOP AND OFFICE WS-42     68        4       Office room without w permament user-16;SN;40;;;35-40;;22.09.2022;35;"002523 000000
46 7 5";22.09.2022;A5AX;1;;;C22 455 181;LC+XT;;X;;;;;;;;;;;;;;;;;;;;;;;;;;;;;;;;;;;;;;;;;;;;;;;;;;;;;;;;;;;;;;;;;;;;;;;;;;;;;;;;;;;;;;;;;;;;;;;;;;;;;;;;;;;;;;;X;;;;;;;;;;;;;;;;;;;;;;;;;;;;;;;;;;;;;;;;;;;;X
;;187.WORKSHOP AND OFFICE WS-42     69        4       Office Room - 17;SN;40;;;35-40;;22.09.2022;35;"002523 000000
 6676";22.09.2022;A5AX;1;;;C22 455 182;LC+XT;;X;;;;;;;;;;;;;;;;;;;;;;;;;;;;;;;;;;;;;;;;;;;;;;;;;;;;;;;;;;;;;;;;;;;;;;;;;;;;;;;;;;;;;;;;;;;;;;;;;;;;;;;;;;;;;;;X;;;;;;;;;;;;;;;;;;;;;;;;;;;;;;;;;;;;;;;;;;;;;X
;;188.WORKSHOP AND OFFICE WS-42     70        4       Office Room - 18;SN;40;;;35-40;;22.09.2022;35;"002123 000000
 4 56
 6 7";22.09.2022;A5AX;1;;;C22 455 183;LC+XT;;X;;;;;;;;;;;;;;;;;;;;;;;;;;;;;;;;;;;;;;;;;;;;;;;;;;;;;;;;;;;;;;;;;;;;;;;;;;;;;;;;;;;;;;;;;;;;;;;;;;;;;;;;;;;;;;;X;;;;;;;;;;;;;;;;;;;;;;;;;;;;;;;;;;;;;;;;;;;;;;X
;;189.WORKSHOP AND OFFICE WS-42     71        4       Office Room - 19;SN;40;;;35-40;;22.09.2022;35;"002523 000000
 6 745";22.09.2022;A5AX;1;;;C22 455 184;LC+XT;;X;;;;;;;;;;;;;;;;;;;;;;;;;;;;;;;;;;;;;;;;;;;;;;;;;;;;;;;;;;;;;;;;;;;;;;;;;;;;;;;;;;;;;;;;;;;;;;;;;;;;;;;;;;;;;;;X;;;;;;;;;;;;;;;;;;;;;;;;;;;;;;;;;;;;;;;;;;;;;;;X
;;190.WORKSHOP AND OFFICE WS-42     72        4       Cable tray room;SN;40;;;35-40;;22.09.2022;35;"002523 000000
2687";22.09.2022;A5AX;1;;;C22 455 185;LC+XT;;X;;;;;;;;;;;;;;;;;;;;;;;;;;;;;;;;;;;;;;;;;;;;;;;;;;;;;;;;;;;;;;;;;;;;;;;;;;;;;;;;;;;;;;;;;;;;;;;;;;;;;;;;;;;;;;;X;;;;;;;;;;;;;;;;;;;;;;;;;;;;;;;;;;;;;;;;;;;;;;;;X
;;191.WORKSHOP AND OFFICE WS-42     73        6       Electrical room;SN;40;;;35-40;;22.09.2022;35;"002523 000000
2687";22.09.2022;A5AX;1;;;C22 455 186;LC+XT;;X;;;;;;;;;;;;;;;;;;;;;;;;;;;;;;;;;;;;;;;;;;;;;;;;;;;;;;;;;;;;;;;;;;;;;;;;;;;;;;;;;;;;;;;;;;;;;;;;;;;;;;;;;;;;;;;X;;;;;;;;;;;;;;;;;;;;;;;;;;;;;;;;;;;;;;;;;;;;;;;;X
;;192.WORKSHOP AND OFFICE WS-42     74        4       Office Room - 20;SN;40;;;35-40;;22.09.2022;35;"002523 000000
26 76";22.09.2022;A5AX;1;;;C22 455 187;LC+XT;;X;;;;;;;;;;;;;;;;;;;;;;;;;;;;;;;;;;;;;;;;;;;;;;;;;;;;;;;;;;;;;;;;;;;;;;;;;;;;;;;;;;;;;;;;;;;;;;;;;;;;;;;;;;;;;;;X;;;;;;;;;;;;;;;;;;;;;;;;;;;;;;;;;;;;;;;;;;;;;;;;;X
;;193.WORKSHOP AND OFFICE WS-42     75        4       Office Room - 21;SN;40;;;35-40;;22.09.2022;35;"002323 000000
 4 56
 6 7";22.09.2022;A5AX;1;;;C22 455 188;LC+XT;;X;;;;;;;;;;;;;;;;;;;;;;;;;;;;;;;;;;;;;;;;;;;;;;;;;;;;;;;;;;;;;;;;;;;;;;;;;;;;;;;;;;;;;;;;;;;;;;;;;;;;;;;;;;;;;;;X;;;;;;;;;;;;;;;;;;;;;;;;;;;;;;;;;;;;;;;;;;;;;;;;;;X
;;194.WORKSHOP AND OFFICE WS-42     76        4       Office Room - 22;SN;40;;;35-40;;22.09.2022;35;"002523 000000
 6678";22.09.2022;A5AX;1;;;C22 455 189;LC+XT;;X;;;;;;;;;;;;;;;;;;;;;;;;;;;;;;;;;;;;;;;;;;;;;;;;;;;;;;;;;;;;;;;;;;;;;;;;;;;;;;;;;;;;;;;;;;;;;;;;;;;;;;;;;;;;;;;X;;;;;;;;;;;;;;;;;;;;;;;;;;;;;;;;;;;;;;;;;;;;;;;;;;;X
;;195.WORKSHOP AND OFFICE WS-42     77        4       Office Room - 23;SN;40;;;35-40;;22.09.2022;35;"002523 000000
 6476";22.09.2022;A5AX;1;;;C22 455 190;LC+XT;;X;;;;;;;;;;;;;;;;;;;;;;;;;;;;;;;;;;;;;;;;;;;;;;;;;;;;;;;;;;;;;;;;;;;;;;;;;;;;;;;;;;;;;;;;;;;;;;;;;;;;;;;;;;;;;;;X;;;;;;;;;;;;;;;;;;;;;;;;;;;;;;;;;;;;;;;;;;;;;;;;;;;;X
;;196.WORKSHOP AND OFFICE WS-42     78        4       Office Room - 24;SN;40;;;35-40;;22.09.2022;35;"002523 000000
26 78";22.09.2022;A5AX;1;;;C22 455 191;LC+XT;;X;;;;;;;;;;;;;;;;;;;;;;;;;;;;;;;;;;;;;;;;;;;;;;;;;;;;;;;;;;;;;;;;;;;;;;;;;;;;;;;;;;;;;;;;;;;;;;;;;;;;;;;;;;;;;;;X;;;;;;;;;;;;;;;;;;;;;;;;;;;;;;;;;;;;;;;;;;;;;;;;;;;;;X
;;197.WORKSHOP AND OFFICE WS-42     79        4       Office Room - 25;SN;40;;;35-40;;22.09.2022;35;"002523 000000
 6878";22.09.2022;A5AX;1;;;C22 455 192;LC+XT;;X;;;;;;;;;;;;;;;;;;;;;;;;;;;;;;;;;;;;;;;;;;;;;;;;;;;;;;;;;;;;;;;;;;;;;;;;;;;;;;;;;;;;;;;;;;;;;;;;;;;;;;;;;;;;;;;X;;;;;;;;;;;;;;;;;;;;;;;;;;;;;;;;;;;;;;;;;;;;;;;;;;;;;;X
;;198.WORKSHOP AND OFFICE WS-42     80        4       Office Room - 26;SN;40;;;35-40;;22.09.2022;35;"002323 000000
 4 5 7
 6 7";22.09.2022;A5AX;1;;;C22 455 193;LC+XT;;X;;;;;;;;;;;;;;;;;;;;;;;;;;;;;;;;;;;;;;;;;;;;;;;;;;;;;;;;;;;;;;;;;;;;;;;;;;;;;;;;;;;;;;;;;;;;;;;;;;;;;;;;;;;;;;;X;;;;;;;;;;;;;;;;;;;;;;;;;;;;;;;;;;;;;;;;;;;;;;;;;;;;;;;X
;;199.WORKSHOP AND OFFICE WS-42     81        11, 19  Toilet &shower;SN;40;;;35-40;;22.09.2022;35;"002523 000000
4667";22.09.2022;A5AX;2;;;C22 455 194;LC+XT;;X;;;;;;;;;;;;;;;;;;;;;;;;;;;;;;;;;;;;;;;;;;;;;;;;;;;;;;;;;;;;;;;;;;;;;;;;;;;;;;;;;;;;;;;;;;;;;;;;;;;;;;;;;;;;;;;X;;;;;;;;;;;;;;;;;;;;;;;;;;;;;;;;;;;;;;;;;;;;;;;;;;;;;;;;X
;;200.WORKSHOP AND OFFICE WS-42     82        4       Locker Room;SN;40;;;35-40;;22.09.2022;35;"002523 000000
4667";22.09.2022;A5AX;1;;;C22 455 195;LC+XT;;X;;;;;;;;;;;;;;;;;;;;;;;;;;;;;;;;;;;;;;;;;;;;;;;;;;;;;;;;;;;;;;;;;;;;;;;;;;;;;;;;;;;;;;;;;;;;;;;;;;;;;;;;;;;;;;;X;;;;;;;;;;;;;;;;;;;;;;;;;;;;;;;;;;;;;;;;;;;;;;;;;;;;;;;;X
;;.   WORKSHOP AND OFFICE WS-42     91        4B      Drying Room-1;SN;40;;;35-40;;22.09.2022;35;"062523 000000
4 67";22.09.2022;A5AX;1;;;C22 455 196;LC+XT;;X;;;;;;;;;;;;;;;;;;;;;;;;;;;;;;;;;;;;;;;;;;;;;;;;;;;;;;;;;;;;;;;;;;;;;;;;;;;;;;;;;;;;;;;;;;;;;;;;;;;;;;;;;;;;;;;;;;;;;;;;;;;;;;;;;;;;;;;;;;;;;;;;;;;;;;;;;;;;;;;;;;;;;;;X
;;201.WORKSHOP AND OFFICE WS-42     83        1, 19   Toilet &shower;SN;40;;;35-40;;22.09.2022;35;"002523 000000
6647";22.09.2022;A5AX;2;;;C22 455 197;LC+XT;;X;;;;;;;;;;;;;;;;;;;;;;;;;;;;;;;;;;;;;;;;;;;;;;;;;;;;;;;;;;;;;;;;;;;;;;;;;;;;;;;;;;;;;;;;;;;;;;;;;;;;;;;;;;;;;;;X;;;;;;;;;;;;;;;;;;;;;;;;;;;;;;;;;;;;;;;;;;;;;;;;;;;;;;;;;X
;;202.WORKSHOP AND OFFICE WS-42     84        4B      Locker Room;SN;40;;;35-40;;22.09.2022;35;"002523 000000
6647";22.09.2022;A5AX;1;;;C22 455 198;LC+XT;;X;;;;;;;;;;;;;;;;;;;;;;;;;;;;;;;;;;;;;;;;;;;;;;;;;;;;;;;;;;;;;;;;;;;;;;;;;;;;;;;;;;;;;;;;;;;;;;;;;;;;;;;;;;;;;;;X;;;;;;;;;;;;;;;;;;;;;;;;;;;;;;;;;;;;;;;;;;;;;;;;;;;;;;;;;X
;;.   WORKSHOP AND OFFICE WS-42     92        4B      Drying Room-2;SN;40;;;35-40;;22.09.2022;35;"062523 000000
6 47";22.09.2022;A5AX;1;;;C22 455 199;LC+XT;;X;;;;;;;;;;;;;;;;;;;;;;;;;;;;;;;;;;;;;;;;;;;;;;;;;;;;;;;;;;;;;;;;;;;;;;;;;;;;;;;;;;;;;;;;;;;;;;;;;;;;;;;;;;;;;;;;;;;;;;;;;;;;;;;;;;;;;;;;;;;;;;;;;;;;;;;;;;;;;;;;;;;;;;;;X
;;203.WORKSHOP AND OFFICE WS-42     85        11      Cleanner Room;SN;40;;;35-40;;22.09.2022;35;"002523 000000
8647";22.09.2022;A5AX;1;;;C22 455 200;LC+XT;;X;;;;;;;;;;;;;;;;;;;;;;;;;;;;;;;;;;;;;;;;;;;;;;;;;;;;;;;;;;;;;;;;;;;;;;;;;;;;;;;;;;;;;;;;;;;;;;;;;;;;;;;;;;;;;;;X;;;;;;;;;;;;;;;;;;;;;;;;;;;;;;;;;;;;;;;;;;;;;;;;;;;;;;;;;;X
;;204.WORKSHOP AND OFFICE WS-42     86        11      TOILET (F);SN;40;;;35-40;;22.09.2022;35;"002523 000000
8647";22.09.2022;A5AX;2;;;C22 455 201;LC+XT;;X;;;;;;;;;;;;;;;;;;;;;;;;;;;;;;;;;;;;;;;;;;;;;;;;;;;;;;;;;;;;;;;;;;;;;;;;;;;;;;;;;;;;;;;;;;;;;;;;;;;;;;;;;;;;;;;X;;;;;;;;;;;;;;;;;;;;;;;;;;;;;;;;;;;;;;;;;;;;;;;;;;;;;;;;;;X
;;205.WORKSHOP AND OFFICE WS-42     87        11      TOILET (M);SN;40;;;35-40;;22.09.2022;35;"002523 000000
8647";22.09.2022;A5AX;2;;;C22 455 202;LC+XT;;X;;;;;;;;;;;;;;;;;;;;;;;;;;;;;;;;;;;;;;;;;;;;;;;;;;;;;;;;;;;;;;;;;;;;;;;;;;;;;;;;;;;;;;;;;;;;;;;;;;;;;;;;;;;;;;;X;;;;;;;;;;;;;;;;;;;;;;;;;;;;;;;;;;;;;;;;;;;;;;;;;;;;;;;;;;X
;;206.WORKSHOP AND OFFICE WS-42     88        2B      Dining Room;SN;40;;;35-40;;22.09.2022;35;"002523 000000
46 78";22.09.2022;A5AX;2;;;C22 455 203;LC+XT;;X;;;;;;;;;;;;;;;;;;;;;;;;;;;;;;;;;;;;;;;;;;;;;;;;;;;;;;;;;;;;;;;;;;;;;;;;;;;;;;;;;;;;;;;;;;;;;;;;;;;;;;;;;;;;;;;X;;;;;;;;;;;;;;;;;;;;;;;;;;;;;;;;;;;;;;;;;;;;;;;;;;;;;;;;;;;X
;;207.WORKSHOP AND OFFICE WS-42     89        4       Conference Room-2;SN;40;;;35-40;;22.09.2022;35;"002523 000000
 6 785";22.09.2022;A5AX;2;;;C22 455 204;LC+XT;;X;;;;;;;;;;;;;;;;;;;;;;;;;;;;;;;;;;;;;;;;;;;;;;;;;;;;;;;;;;;;;;;;;;;;;;;;;;;;;;;;;;;;;;;;;;;;;;;;;;;;;;;;;;;;;;;X;;;;;;;;;;;;;;;;;;;;;;;;;;;;;;;;;;;;;;;;;;;;;;;;;;;;;;;;;;;;X
;;208.WORKSHOP AND OFFICE WS-42     90        7,7A    Corridor;SN;9;;;35-9;;22.09.2022;35;"002523 000000
26 74";10.11.2022;A5AX;4;;;C22 455 205;LCJ+XT;;X;;;;;;;;;;;;;;;;;;;;;;;;;;;;;;;;;;;;;;;;;;;;;;;;;;;;;;;;;;;;;;;;;;;;;;;;;;;;;;;;;;;;;;;;;;;;;;;;;;;;;;;;;;;;;;;X;;;;;;;;;;;;;;;;;;;;;;;;;;;;;;;;;;;;;;;;;;;;;;;;;;;;;;;;;;;;;X
;;209.ST-34                         1         1       Storage Area;SN;9;;;35-9;;22.09.2022;35;"042523 000000
268
68";22.09.2022;A5BX;2;;;C22 455 206;LCJ+XT;;X;;;;;;;;;;;;;;;;;;;;;;;;;;;;;;;;;;;;;;;;;;;;;;;;;;;;;;;;;;;;;;;;;;;;;;;;;;;;;;;;;;;;;;;;;;;;;;;;;;;;;;;;;;;;;;;;;;;;;;;;;;;;;;;;;;;;;;;;;;;;;;;;;;;;;;;;;;;;;;;;;;;;;;;;;;;;;X;X
;;211.ST-34                         3         3       toilet;SN;40;;;35-40;;22.09.2022;35;"042523 000000
2687";22.09.2022;A5BX;2;;;C22 455 207;LC+XT;;X;;;;;;;;;;;;;;;;;;;;;;;;;;;;;;;;;;;;;;;;;;;;;;;;;;;;;;;;;;;;;;;;;;;;;;;;;;;;;;;;;;;;;;;;;;;;;;;;;;;;;;;;;;;;;;;;;;;;;;;;;;;;;;;;;;;;;;;;;;;;;;;;;;;;;;;;;;;;;;;;;;;;;;;;;;;;;X;;X
;;212.ST-34                         4         2       office;SN;40;;;35-40;;22.09.2022;35;"042523 000000
268
48";22.09.2022;A5BX;1;;;C22 455 208;LC+XT;;X;;;;;;;;;;;;;;;;;;;;;;;;;;;;;;;;;;;;;;;;;;;;;;;;;;;;;;;;;;;;;;;;;;;;;;;;;;;;;;;;;;;;;;;;;;;;;;;;;;;;;;;;;;;;;;;;;;;;;;;;;;;;;;;;;;;;;;;;;;;;;;;;;;;;;;;;;;;;;;;;;;;;;;;;;;;;;X;;;X
;;214.T2 Shelter                    Burn Pit  1       Burn Pit;SN;9;;;35-9;;22.09.2022;35;"002523 000000
 647";22.09.2022;A5CX;1;;;C22 455 209;LCJ+XT;;X;;;;;;;;;;;;;;;;;;;;;;;;;;;;;;;;;;;;;;;;;;;;;;;;;;;;;;;;;;;;;;;;;;;;;;;;;;;;;;;;;;;;;;;;;;;;;;;;;;;;;;;;;;;;;;;;;;;;;;;;;;;;;;;;;;;;;;;;;;;;;;;;;;;;;;;;;;;;;;;;;;;;;;;;;;;;;;;;;X;X
;;215.PELLETIZING BUILDING          1         5       Process Room-1;SN;9;;;35-9;;22.09.2022;35;"022523 000000
46 78
6";22.09.2022;A5EX;1;;;C22 455 210;LCJ+XT;;X;;;;;;;;;;;;;;;;;;;;;;;;;;;;;;;;;;;;;;;;;;;;;;;;;;;;;;;;;;;;;;;;;;;;;;;;;;;;;;;;;;;;;;;;;;;;;;;;;;;;;;;;;;;;;;;;;;;;;;;;;;;;;;;;;;;;;;;;;;;;;;;;;;;;;;;;;;;;;;;;;;;;;;;;;;;;;;;;;;;X;X
;;216.PELLETIZING BUILDING          2         6       Extruder Control Room;SN;9;;;35-9;;22.09.2022;35;"022523 000000
26 74
4";22.09.2022;A5EX;1;;;C22 455 211;LCJ+XT;;X;;;;;;;;;;;;;;;;;;;;;;;;;;;;;;;;;;;;;;;;;;;;;;;;;;;;;;;;;;;;;;;;;;;;;;;;;;;;;;;;;;;;;;;;;;;;;;;;;;;;;;;;;;;;;;;;;;;;;;;;;;;;;;;;;;;;;;;;;;;;;;;;;;;;;;;;;;;;;;;;;;;;;;;;;;;;;;;;;;;X;;X
;;217.PELLETIZING BUILDING          3         6       Electrical Room;SN;9;;;35-9;;22.09.2022;35;"022523 000000
46 76
8";22.09.2022;A5EX;1;;;C22 455 212;LCJ+XT;;X;;;;;;;;;;;;;;;;;;;;;;;;;;;;;;;;;;;;;;;;;;;;;;;;;;;;;;;;;;;;;;;;;;;;;;;;;;;;;;;;;;;;;;;;;;;;;;;;;;;;;;;;;;;;;;;;;;;;;;;;;;;;;;;;;;;;;;;;;;;;;;;;;;;;;;;;;;;;;;;;;;;;;;;;;;;;;;;;;;;X;;;X
;;218.PELLETIZING BUILDING          4         9       Addictive Room;SN;9;;;35-9;;22.09.2022;35;"022523 000000
46 78
 8";22.09.2022;A5EX;1;;;C22 455 213;LCJ+XT;;X;;;;;;;;;;;;;;;;;;;;;;;;;;;;;;;;;;;;;;;;;;;;;;;;;;;;;;;;;;;;;;;;;;;;;;;;;;;;;;;;;;;;;;;;;;;;;;;;;;;;;;;;;;;;;;;;;;;;;;;;;;;;;;;;;;;;;;;;;;;;;;;;;;;;;;;;;;;;;;;;;;;;;;;;;;;;;;;;;;;X;;;;X
;;219.PELLETIZING BUILDING          5         1       HVAC Room;SN;9;;;35-9;;22.09.2022;35;"022523 000000
44 78
 6";22.09.2022;A5EX;1;;;C22 455 214;LCJ+XT;;X;;;;;;;;;;;;;;;;;;;;;;;;;;;;;;;;;;;;;;;;;;;;;;;;;;;;;;;;;;;;;;;;;;;;;;;;;;;;;;;;;;;;;;;;;;;;;;;;;;;;;;;;;;;;;;;;;;;;;;;;;;;;;;;;;;;;;;;;;;;;;;;;;;;;;;;;;;;;;;;;;;;;;;;;;;;;;;;;;;;X;;;;;X
;;220.PELLETIZING BUILDING          6         4       Staircase-1;SN;9;;;35-9;;22.09.2022;35;"022123 000000
46 54
   7";22.09.2022;A5EX;5;;;C22 455 215;LCJ+XT;;X;;;;;;;;;;;;;;;;;;;;;;;;;;;;;;;;;;;;;;;;;;;;;;;;;;;;;;;;;;;;;;;;;;;;;;;;;;;;;;;;;;;;;;;;;;;;;;;;;;;;;;;;;;;;;;;;;;;;;;;;;;;;;;;;;;;;;;;;;;;;;;;;;;;;;;;;;;;;;;;;;;;;;;;;;;;;;;;;;;;X;;;;;;X
;;.   PELLETIZING BUILDING          6         5       Staircase-1;SN;9;;;35-9;;22.09.2022;35;"022123 000000
46 54
   7";22.09.2022;A5EX;1;;;C22 455 216;LCJ+XT;;X;;;;;;;;;;;;;;;;;;;;;;;;;;;;;;;;;;;;;;;;;;;;;;;;;;;;;;;;;;;;;;;;;;;;;;;;;;;;;;;;;;;;;;;;;;;;;;;;;;;;;;;;;;;;;;;;;;;;;;;;;;;;;;;;;;;;;;;;;;;;;;;;;;;;;;;;;;;;;;;;;;;;;;;;;;;;;;;;;;;X;;;;;;X
;;.   PELLETIZING BUILDING          6         8       Staircase-1;SN;9;;;35-9;;22.09.2022;35;"022123 000000
46 54
   7";22.09.2022;A5EX;1;;;C22 455 217;LCJ+XT;;X;;;;;;;;;;;;;;;;;;;;;;;;;;;;;;;;;;;;;;;;;;;;;;;;;;;;;;;;;;;;;;;;;;;;;;;;;;;;;;;;;;;;;;;;;;;;;;;;;;;;;;;;;;;;;;;;;;;;;;;;;;;;;;;;;;;;;;;;;;;;;;;;;;;;;;;;;;;;;;;;;;;;;;;;;;;;;;;;;;;X;;;;;;X
;;221.PELLETIZING BUILDING          7         4       Fire Escape Vestibule-1;SN;9;;;35-9;;22.09.2022;35;"022323 000000
46 58
   7";22.09.2022;A5EX;1;;;C22 455 218;LCJ+XT;;X;;;;;;;;;;;;;;;;;;;;;;;;;;;;;;;;;;;;;;;;;;;;;;;;;;;;;;;;;;;;;;;;;;;;;;;;;;;;;;;;;;;;;;;;;;;;;;;;;;;;;;;;;;;;;;;;;;;;;;;;;;;;;;;;;;;;;;;;;;;;;;;;;;;;;;;;;;;;;;;;;;;;;;;;;;;;;;;;;;;X;;;;;;;X
;;222.PELLETIZING BUILDING          8         4       Staircase-2;SN;9;;;35-9;;22.09.2022;35;"022123 000000
46 56
   7";22.09.2022;A5EX;3;;;C22 455 219;LCJ+XT;;X;;;;;;;;;;;;;;;;;;;;;;;;;;;;;;;;;;;;;;;;;;;;;;;;;;;;;;;;;;;;;;;;;;;;;;;;;;;;;;;;;;;;;;;;;;;;;;;;;;;;;;;;;;;;;;;;;;;;;;;;;;;;;;;;;;;;;;;;;;;;;;;;;;;;;;;;;;;;;;;;;;;;;;;;;;;;;;;;;;;X;;;;;;;;X
;;223.PELLETIZING BUILDING          9         3, 4    Fire Escape Vestibule-2;SN;9;;;35-9;;22.09.2022;35;"022523 000000
46 78
8";22.09.2022;A5EX;2;;;C22 455 220;LCJ+XT;;X;;;;;;;;;;;;;;;;;;;;;;;;;;;;;;;;;;;;;;;;;;;;;;;;;;;;;;;;;;;;;;;;;;;;;;;;;;;;;;;;;;;;;;;;;;;;;;;;;;;;;;;;;;;;;;;;;;;;;;;;;;;;;;;;;;;;;;;;;;;;;;;;;;;;;;;;;;;;;;;;;;;;;;;;;;;;;;;;;;;X;;;;;;;;;X
;;224.PELLETIZING BUILDING          Elevator  7       Elevator;SN;9;;;35-9;;22.09.2022;35;"022323 000000
46 56
   7";22.09.2022;A5EX;1;;;C22 455 221;LCJ+XT;;X;;;;;;;;;;;;;;;;;;;;;;;;;;;;;;;;;;;;;;;;;;;;;;;;;;;;;;;;;;;;;;;;;;;;;;;;;;;;;;;;;;;;;;;;;;;;;;;;;;;;;;;;;;;;;;;;;;;;;;;;;;;;;;;;;;;;;;;;;;;;;;;;;;;;;;;;;;;;;;;;;;;;;;;;;;;;;;;;;;;X;;;;;;;;;;X
;;225.PELLETIZING BUILDING          10        2, 3    Process Room-2;SN;9;;;35-9;;22.09.2022;35;"022523 000000
46 74
 8";22.09.2022;A5EX;2;;;C22 455 222;LCJ+XT;;X;;;;;;;;;;;;;;;;;;;;;;;;;;;;;;;;;;;;;;;;;;;;;;;;;;;;;;;;;;;;;;;;;;;;;;;;;;;;;;;;;;;;;;;;;;;;;;;;;;;;;;;;;;;;;;;;;;;;;;;;;;;;;;;;;;;;;;;;;;;;;;;;;;;;;;;;;;;;;;;;;;;;;;;;;;;;;;;;;;;X;;;;;;;;;;;X
;;226.PELLETIZING BUILDING          11        4       Fire Escape Vestibule-3;SN;9;;;35-9;;22.09.2022;35;"022523 000000
46 76
6";22.09.2022;A5EX;1;;;C22 455 223;LCJ+XT;;X;;;;;;;;;;;;;;;;;;;;;;;;;;;;;;;;;;;;;;;;;;;;;;;;;;;;;;;;;;;;;;;;;;;;;;;;;;;;;;;;;;;;;;;;;;;;;;;;;;;;;;;;;;;;;;;;;;;;;;;;;;;;;;;;;;;;;;;;;;;;;;;;;;;;;;;;;;;;;;;;;;;;;;;;;;;;;;;;;;;X;;;;;;;;;;;;X
;;227.PELLETIZING BUILDING          12        4       Fire Escape Vestibule-4;SN;9;;;35-9;;22.09.2022;35;"022323 000000
46 54
   7";22.09.2022;A5EX;1;;;C22 455 224;LCJ+XT;;X;;;;;;;;;;;;;;;;;;;;;;;;;;;;;;;;;;;;;;;;;;;;;;;;;;;;;;;;;;;;;;;;;;;;;;;;;;;;;;;;;;;;;;;;;;;;;;;;;;;;;;;;;;;;;;;;;;;;;;;;;;;;;;;;;;;;;;;;;;;;;;;;;;;;;;;;;;;;;;;;;;;;;;;;;;;;;;;;;;;X;;;;;;;;;;;;;X
;;228.PELLETIZING BUILDING          13        3       Process Room-3;SN;9;;;35-9;;22.09.2022;35;"022523 000000
44 74
 6";22.09.2022;A5EX;1;;;C22 455 225;LCJ+XT;;X;;;;;;;;;;;;;;;;;;;;;;;;;;;;;;;;;;;;;;;;;;;;;;;;;;;;;;;;;;;;;;;;;;;;;;;;;;;;;;;;;;;;;;;;;;;;;;;;;;;;;;;;;;;;;;;;;;;;;;;;;;;;;;;;;;;;;;;;;;;;;;;;;;;;;;;;;;;;;;;;;;;;;;;;;;;;;;;;;;;X;;;;;;;;;;;;;;X
;;229.PELLETIZING BUILDING          14        4       Fire Escape Vestibule-5;SN;9;;;35-9;;22.09.2022;35;"022523 000000
46 74
8";22.09.2022;A5EX;1;;;C22 455 226;LCJ+XT;;X;;;;;;;;;;;;;;;;;;;;;;;;;;;;;;;;;;;;;;;;;;;;;;;;;;;;;;;;;;;;;;;;;;;;;;;;;;;;;;;;;;;;;;;;;;;;;;;;;;;;;;;;;;;;;;;;;;;;;;;;;;;;;;;;;;;;;;;;;;;;;;;;;;;;;;;;;;;;;;;;;;;;;;;;;;;;;;;;;;;X;;;;;;;;;;;;;;;X
;;230.PELLETIZING BUILDING          15        3       Fire Escape Vestibule-6;SN;9;;;35-9;;22.09.2022;35;"022523 000000
26 76
4";22.09.2022;A5EX;1;;;C22 455 227;LCJ+XT;;X;;;;;;;;;;;;;;;;;;;;;;;;;;;;;;;;;;;;;;;;;;;;;;;;;;;;;;;;;;;;;;;;;;;;;;;;;;;;;;;;;;;;;;;;;;;;;;;;;;;;;;;;;;;;;;;;;;;;;;;;;;;;;;;;;;;;;;;;;;;;;;;;;;;;;;;;;;;;;;;;;;;;;;;;;;;;;;;;;;;X;;;;;;;;;;;;;;;;X
;;231.PELLETIZING BUILDING          16        3       Process Room-4;SN;9;;;35-9;;22.09.2022;35;"022523 000000
44 76
 6";22.09.2022;A5EX;1;;;C22 455 228;LCJ+XT;;X;;;;;;;;;;;;;;;;;;;;;;;;;;;;;;;;;;;;;;;;;;;;;;;;;;;;;;;;;;;;;;;;;;;;;;;;;;;;;;;;;;;;;;;;;;;;;;;;;;;;;;;;;;;;;;;;;;;;;;;;;;;;;;;;;;;;;;;;;;;;;;;;;;;;;;;;;;;;;;;;;;;;;;;;;;;;;;;;;;;X;;;;;;;;;;;;;;;;;X
;;232.PELLETIZING BUILDING          17        4       Fire Escape Vestibule-7;SN;9;;;35-9;;22.09.2022;35;"022523 000000
46 76
 8";22.09.2022;A5EX;1;;;C22 455 229;LCJ+XT;;X;;;;;;;;;;;;;;;;;;;;;;;;;;;;;;;;;;;;;;;;;;;;;;;;;;;;;;;;;;;;;;;;;;;;;;;;;;;;;;;;;;;;;;;;;;;;;;;;;;;;;;;;;;;;;;;;;;;;;;;;;;;;;;;;;;;;;;;;;;;;;;;;;;;;;;;;;;;;;;;;;;;;;;;;;;;;;;;;;;;X;;;;;;;;;;;;;;;;;;X
;;233.PELLETIZING BUILDING          18        3       Fire Escape Vestibule-8;SN;9;;;35-9;;22.09.2022;35;"022523 000000
46 74
6";22.09.2022;A5EX;1;;;C22 455 230;LCJ+XT;;X;;;;;;;;;;;;;;;;;;;;;;;;;;;;;;;;;;;;;;;;;;;;;;;;;;;;;;;;;;;;;;;;;;;;;;;;;;;;;;;;;;;;;;;;;;;;;;;;;;;;;;;;;;;;;;;;;;;;;;;;;;;;;;;;;;;;;;;;;;;;;;;;;;;;;;;;;;;;;;;;;;;;;;;;;;;;;;;;;;;X;;;;;;;;;;;;;;;;;;;X
;;235.Chemical Warehouse CW-33      1         1       Additives;SN;9;;;35-9;;22.09.2022;35;"042523 000000
864 4
  8";22.09.2022;A5AX;1;;;C22 455 231;LCJ+XT;;X;;;;;;;;;;;;;;;;;;;;;;;;;;;;;;;;;;;;;;;;;;;;;;;;;;;;;;;;;;;;;;;;;;;;;;;;;;;;;;;;;;;;;;;;;;;;;;;;;;;;;;;;;;;;;;;;;;;;;;;;;;;;;;;;;;;;;;;;;;;;;;;;;;;;;;;;;;;;;;;;;;;;;;;;;;;;;;;;;;;;;;;;;;;;;;;;;;;;;;;X;X
;;236.Chemical Warehouse CW-33      1         3       Additives;SN;9;;;35-9;;22.09.2022;35;"042523 000000
864 4
  8";22.09.2022;A5AX;2;;;C22 455 232;LCJ+XT;;X;;;;;;;;;;;;;;;;;;;;;;;;;;;;;;;;;;;;;;;;;;;;;;;;;;;;;;;;;;;;;;;;;;;;;;;;;;;;;;;;;;;;;;;;;;;;;;;;;;;;;;;;;;;;;;;;;;;;;;;;;;;;;;;;;;;;;;;;;;;;;;;;;;;;;;;;;;;;;;;;;;;;;;;;;;;;;;;;;;;;;;;;;;;;;;;;;;;;;;;X;X
;;237.Chemical Warehouse CW-33      2         1       District Heating Room;SN;9;;;35-9;;22.09.2022;35;"042523 000000
268 4
8";22.09.2022;A5AX;1;;;C22 455 233;LCJ+XT;;X;;;;;;;;;;;;;;;;;;;;;;;;;;;;;;;;;;;;;;;;;;;;;;;;;;;;;;;;;;;;;;;;;;;;;;;;;;;;;;;;;;;;;;;;;;;;;;;;;;;;;;;;;;;;;;;;;;;;;;;;;;;;;;;;;;;;;;;;;;;;;;;;;;;;;;;;;;;;;;;;;;;;;;;;;;;;;;;;;;;;;;;;;;;;;;;;;;;;;;;X;;X
;;238.Chemical Warehouse CW-33      2         5       District Heating Room;SN;9;;;65-9;;22.09.2022;65;"042523 000000
268 4
8";22.09.2022;A5AX;1;;;C22 455 234;LCJ+XT;;X;;;;;;;;;;;;;;;;;;;;;;;;;;;;;;;;;;;;;;;;;;;;;;;;;;;;;;;;;;;;;;;;;;;;;;;;;;;;;;;;;;;;;;;;;;;;;;;;;;;;;;;;;;;;;;;;;;;;;;;;;;;;;;;;;;;;;;;;;;;;;;;;;;;;;;;;;;;;;;;;;;;;;;;;;;;;;;;;;;;;;;;;;;;;;;;;;;;;;;;X;;X
;;239.Chemical Warehouse CW-33      3         1       Catalyst;SN;9;;;35-9;;22.09.2022;35;"042523 000000
868 4
 8";22.09.2022;A5AX;1;;;C22 455 235;LCJ+XT;;X;;;;;;;;;;;;;;;;;;;;;;;;;;;;;;;;;;;;;;;;;;;;;;;;;;;;;;;;;;;;;;;;;;;;;;;;;;;;;;;;;;;;;;;;;;;;;;;;;;;;;;;;;;;;;;;;;;;;;;;;;;;;;;;;;;;;;;;;;;;;;;;;;;;;;;;;;;;;;;;;;;;;;;;;;;;;;;;;;;;;;;;;;;;;;;;;;;;;;;;X;;;X
;;240.Chemical Warehouse CW-33      3         5       Catalyst;SN;9;;;65-9;;22.09.2022;65;"042523 000000
868 4
 8";22.09.2022;A5AX;1;;;C22 455 236;LCJ+XT;;X;;;;;;;;;;;;;;;;;;;;;;;;;;;;;;;;;;;;;;;;;;;;;;;;;;;;;;;;;;;;;;;;;;;;;;;;;;;;;;;;;;;;;;;;;;;;;;;;;;;;;;;;;;;;;;;;;;;;;;;;;;;;;;;;;;;;;;;;;;;;;;;;;;;;;;;;;;;;;;;;;;;;;;;;;;;;;;;;;;;;;;;;;;;;;;;;;;;;;;;X;;;X
;;241.Chemical Warehouse CW-33      4         2       HVAC Room;SN;9;;;35-9;;22.09.2022;35;"040523 000000
862 6
  8";22.09.2022;A5AX;1;;;C22 455 237;LCJ+XT;;X;;;;;;;;;;;;;;;;;;;;;;;;;;;;;;;;;;;;;;;;;;;;;;;;;;;;;;;;;;;;;;;;;;;;;;;;;;;;;;;;;;;;;;;;;;;;;;;;;;;;;;;;;;;;;;;;;;;;;;;;;;;;;;;;;;;;;;;;;;;;;;;;;;;;;;;;;;;;;;;;;;;;;;;;;;;;;;;;;;;;;;;;;;;;;;;;;;;;;;;X;;;;X
;;242.Chemical Warehouse CW-33      5         4       Electrical Room;SN;9;;;35-9;;22.09.2022;35;"042523 000000
268 6
8";22.09.2022;A5AX;1;;;C22 455 238;LCJ+XT;;X;;;;;;;;;;;;;;;;;;;;;;;;;;;;;;;;;;;;;;;;;;;;;;;;;;;;;;;;;;;;;;;;;;;;;;;;;;;;;;;;;;;;;;;;;;;;;;;;;;;;;;;;;;;;;;;;;;;;;;;;;;;;;;;;;;;;;;;;;;;;;;;;;;;;;;;;;;;;;;;;;;;;;;;;;;;;;;;;;;;;;;;;;;;;;;;;;;;;;;;X;;;;;X
;;243.Chemical Warehouse CW-33      6         6       Office;SN;9;;;35-9;;22.09.2022;35;"040523 000000
862 4
  8";22.09.2022;A5AX;1;;;C22 455 239;LCJ+XT;;X;;;;;;;;;;;;;;;;;;;;;;;;;;;;;;;;;;;;;;;;;;;;;;;;;;;;;;;;;;;;;;;;;;;;;;;;;;;;;;;;;;;;;;;;;;;;;;;;;;;;;;;;;;;;;;;;;;;;;;;;;;;;;;;;;;;;;;;;;;;;;;;;;;;;;;;;;;;;;;;;;;;;;;;;;;;;;;;;;;;;;;;;;;;;;;;;;;;;;;;X;;;;;;X
;;244.Chemical Warehouse CW-33      6         1       Office;SN;9;;;35-9;;22.09.2022;35;"040523 000000
862 4
  8";22.09.2022;A5AX;1;;;C22 455 240;LCJ+XT;;X;;;;;;;;;;;;;;;;;;;;;;;;;;;;;;;;;;;;;;;;;;;;;;;;;;;;;;;;;;;;;;;;;;;;;;;;;;;;;;;;;;;;;;;;;;;;;;;;;;;;;;;;;;;;;;;;;;;;;;;;;;;;;;;;;;;;;;;;;;;;;;;;;;;;;;;;;;;;;;;;;;;;;;;;;;;;;;;;;;;;;;;;;;;;;;;;;;;;;;;X;;;;;;X